{"productTitle":"rate_me","p_precision":4.5,"nbReviews":229,"p_proprete":5,"resume":"","p_arrivee":5,"p_averageRanking":4.75,"p_productTitle":"rate_me","reviews":[{"pos":[],"date":"juin 2017","lang":"french","neg":"","text":"Trés bon accueil de France, pratique et bien situé","name":"Valérie"},{"pos":[],"date":"juin 2017","lang":"french","neg":"","text":"Très bon accueil de France. Elle a été très réactive dans nos discussions d'avant réservation et le logement correspond tout a fait à la description.","name":"David"},{"pos":[],"date":"juin 2017","lang":"french","neg":"","text":"Une vrai perle qualité - prix - proximité gare et transports. Logement atypique, France est accueillante et arrangeante, tout simplement adorable.","name":"Nicolas"},{"pos":[],"date":"juin 2017","lang":"french","neg":"","text":"Superbe accueil de France qui connait parfaitement la ville de Lyon ! Logement très bien placé à 10 minutes de la gare Part Dieu. Je recommande ce logement sans hésitation.","name":"Pierre-Yves"},{"pos":[],"date":"juin 2017","lang":"french","neg":"","text":"Très bon accueil de France, chambre disposant de tout le nécessaire . Quartier calme et emplacement idéal pour qui prend le train à la part dieu le lendemain matin .","name":"Jenny"},{"pos":[],"date":"juin 2017","lang":"french","neg":"","text":"Personne très accueillante et chaleureuse. J'ai pu passer mon séjour dans son appartement dans les meilleurs conditions. Je recommande","name":"Mehdi"},{"pos":[],"date":"juin 2017","lang":"french","neg":"","text":"France réussit à allier présence et discrétion. À ma demande, elle m'a donné de précieuses indications sur mes déplacements dans Lyon. Elle m'a fourni des plans de la ville, préparés avant mon arrivée, dans ce but. Formidable !","name":"Aurore"},{"pos":[],"date":"mai 2017","lang":"french","neg":"","text":"Une vrai perle niveau qualité-prix-ambiance, pas trop loin du centre ville et des magasins, très arrangeante, France est une personne adorable.","name":"Edwige"},{"pos":[],"date":"mai 2017","lang":"french","neg":"","text":"Nous avons été très bien accueillis par France qui nous a donné tous les renseignements voulus ...Logement proche de la Part Dieu, très bien desservi par les transports en commun, tout à fait confortable ....bref une excellente adresse !","name":"Marc"},{"pos":[],"date":"mai 2017","lang":"french","neg":"","text":"France a veillé tard pour m’accueillir chaleureusement. Tout était prêt pour passer une nuit reposante! Merci France et à bientôt","name":"Jérôme"},{"pos":[],"date":"mai 2017","lang":"french","neg":"","text":"Je recommande vivement l'appartement de France. Il est très bien situé (à 10 min à pied de la gare), très propre et la chambre est bien équipée (douche, lavabo, prise près du lit, plusieurs lampes, bureau et télé). Le petit-déjeuner est appréciable est également.","name":"Manon"},{"pos":[],"date":"avril 2017","lang":"french","neg":"","text":"Accueil chaleureux. Madame France est très aimable et serviable. Je conseille fortement.","name":"Riadh"},{"pos":[],"date":"avril 2017","lang":"french","neg":"","text":"Super accueil, logement propre. Flexible (je suis arrivé tard le soir) merci beaucoup!","name":"Aymeric"},{"pos":[],"date":"avril 2017","lang":"french","neg":"","text":"décevant","name":"Damienne"},{"pos":[],"date":"avril 2017","lang":"french","neg":"","text":"Logement propre et bien situé. Plutôt pour une nuit je pense.","name":"Margaux"},{"pos":[],"date":"avril 2017","lang":"french","neg":"","text":"Encore merci pour cet accueille et pour le petit déjeuner.","name":"Sarah"},{"pos":[],"date":"avril 2017","lang":"french","neg":"","text":"Logement très agréable pour un petit séjour, conforme à l'annonce. Un plaisir de pouvoir prendre le petit déjeuner chez France. Calme et proche de la gare. France sera prête à vous donner tous ses conseils et recommandations si vous êtes en touriste(s) à Lyon!","name":"Alice"},{"pos":[],"date":"avril 2017","lang":"french","neg":"","text":"Notre séjour fut bref mais agréable. La situation du logement nous a permis de visiter la ville en toute tranquillité. Nous n'avons malheureusement pas beaucoup pu échanger avec France.","name":"Iris"},{"pos":[],"date":"avril 2017","lang":"french","neg":"","text":"Logement agréable propre dans un quartier calme proche Lyon Part Dieu.","name":"Thibault"},{"pos":[],"date":"avril 2017","lang":"french","neg":"","text":"Je recommande à tous ceux qui recherche un petit coin chaleureux et confortable aux alentours de part dieu. France est une délicieuse personne.","name":"Patricia"},{"pos":[],"date":"avril 2017","lang":"french","neg":"","text":"C'etait un très bon séjour.","name":"Yiting"},{"pos":[],"date":"avril 2017","lang":"french","neg":"","text":"France nous a donné tous les détails pour trouver son logement. La chambre est simple mais c'est très appréciable qu'il y ait une douche et un lavabo. Très bien situé par rapport à la gare. Un bon accueil, même si nous ne sommes passés qu'en coup de vent","name":"Emlyn"},{"pos":[],"date":"avril 2017","lang":"french","neg":"","text":"France est très accueillante et le logement est très bien. Je la recommande .","name":"Chris"},{"pos":[],"date":"mars 2017","lang":"french","neg":"","text":"Encore une excellente nuit passée chez France ! Rien à dire tout est au top ! J'y retourne à chaque fois que je suis sur Lyon","name":"Mélanie"},{"pos":[],"date":"mars 2017","lang":"french","neg":"","text":"Un petit coin de calme et une chambre sympa et fonctionnelle. Le top !","name":"Raphaël"},{"pos":[],"date":"mars 2017","lang":"french","neg":"","text":"Proche des transports en commun, cet appartement est très agréable. Le quartier est très calme pour y passer une nuit reposante. Une petite chambre très confortable et très propre avec un grand lit, une télé et un point d'eau avec douche et lavabo. Pour bien commencer la journée, un petit déjeuné est à disposition. France est une personne fort sympathique avec qui il est agréable de discuter pour passer un petit moment. N'hésitez pas à vous y arrêter.","name":"Mélanie"},{"pos":[],"date":"mars 2017","lang":"french","neg":"fait beaucoup bruit","text":"Logement bien situé. Mais France a fait beaucoup de bruit très tôt le matin, alors qu'elle savait qu'on passait un concours l'AM ; nous n'avons pas pu faire de douche deux soirs de suite, car eau froide, le petit-déjeuner se composait d'eau à faire chauffer (café ou thé) et pas de lait. Il faut savoir qu'il y a un code pour entrer, à prendre avec vous.","name":"Annie"},{"pos":[],"date":"mars 2017","lang":"french","neg":"","text":"Si vous recherchez un logement calme et agréable, c'est l'endroit qu'il vous faut. Proche de la gare, il y reigne un calme absolu.","name":"Cédric"},{"pos":[],"date":"mars 2017","lang":"french","neg":"","text":"Un accueil chaleureux de la part de France. Un séjour agréable dans une chambre avec douche simple mais confortable et propre. A recommander","name":"Thierry"},{"pos":[],"date":"mars 2017","lang":"french","neg":"","text":"Accueil chaleureux et sympathique de France qui a su nous renseigner sur de nombreux points. Chambre agréable et bonne literie. Logement près de la Gare de Lyon-part-Dieu (10min à pied) et du Rhone-express (tramway pour l'aéroport).","name":"San"},{"pos":[],"date":"mars 2017","lang":"french","neg":"","text":"Proche des transports en commun, cet appartement est très agréable. Le quartier est très calme pour y passer une nuit reposante. Une petite chambre très confortable et très propre avec un grand lit, une télé et un point d'eau avec douche et lavabo. Pour bien commencer la journée, un petit déjeuné est à disposition. France est une personne fort sympathique avec qui il est agréable de discuter pour passer un petit moment. N'hésitez pas à vous y arrêter.","name":"Mélanie"},{"pos":[],"date":"mars 2017","lang":"french","neg":"pas trop bruit","text":"Petite chambre mais complète. Petit déjeuner à disposition. TV et espace SdB privé. Proche gare et pas trop de bruit. Bon rapport qualité\/prix.","name":"Frederic"},{"pos":[],"date":"mars 2017","lang":"french","neg":"","text":"Appartement simple et propre. France est disponible. c'etait impeccable","name":"Rémi"},{"pos":[],"date":"mars 2017","lang":"french","neg":"","text":"C'étais génial, première expérience et France à été au top du top avec moi, très patiente dans ses explications et de très bon conseil! :)","name":"Marianne"},{"pos":[],"date":"mars 2017","lang":"french","neg":"","text":"France est très accueillante et discrète, la chambre est conforme à la description et suffit tout à fait pour un weekend à Lyon!","name":"François"},{"pos":[],"date":"mars 2017","lang":"french","neg":"","text":"Très bien acceuillis par France. La chambre est conforme à la description. Elle dispose d'une douche et d'un lavabos. Je ne suis resté qu'une seule nuit mais j'ai passé un très bon séjour. A refaire sans hésitation.","name":"Thomas"},{"pos":[],"date":"mars 2017","lang":"french","neg":"","text":"Nous avons été très bien accueilli par Mme. Delaporte qui nous a montré les lieux à visiter et les transports à prendre. Une femme très agréable et très professionnelle. La localisation est facile d'accès depuis la gare Lyon part dieu, et les transports sont proches. Logement recommandé pour vos séjours.","name":"Long"},{"pos":[],"date":"février 2017","lang":"french","neg":"","text":"Très bon accueil , appartement très propre et fonctionnel Proche de Gare de Lyon Part Dieu (10' à pied)","name":"Jean-Charles"},{"pos":[],"date":"février 2017","lang":"french","neg":"","text":"Quartier commode et tranquille. Chambre très simple.","name":"Marie Francoise"},{"pos":[],"date":"février 2017","lang":"french","neg":"","text":"Logement bien situé, à proximité de la Part Dieu. La chambre équipée d'une douche est simple et fonctionnelle.","name":"Valerie"},{"pos":[],"date":"février 2017","lang":"french","neg":"","text":"Accueil chaleureux, disponibilité, appartement agréable. Une adresse à recommander !","name":"Laurent"},{"pos":[],"date":"février 2017","lang":"french","neg":"","text":"France nous accueillis chez elle avec le sourire malgré notre arrivée tardive (23h30). Elle nous a montré notre chambre et où se servir pour le petit déjeuner. Hôte discrète mais disponible. Chambre conforme à la description (petit bémol pour le lit qui se creuse un peu au milieu). Nous n'avons manqué de rien et l'emplacement est idéal (à peine 10\/15 minutes de la gare Part-Dieu). Très bon rapport qualité-prix.","name":"Sarah"},{"pos":[],"date":"février 2017","lang":"french","neg":"","text":"Le petit déjeuner inclus est agréable, petits pains au sésame....","name":"Francine"},{"pos":[],"date":"février 2017","lang":"french","neg":"","text":"Très bien. Salle d'eau et douche dans la chambre. Télé privée. Petit déjeuner","name":"Thierry"},{"pos":[],"date":"février 2017","lang":"french","neg":"","text":"Séjour tout à fait agréable","name":"Laurent"},{"pos":[],"date":"février 2017","lang":"french","neg":"","text":"Accueil très souple et souriant, merci à France pour cette nuit courte et reposante.","name":"Xavier"},{"pos":[],"date":"février 2017","lang":"french","neg":"","text":"Chez France c'est très propre , et France est très accueillante et agréable. Avec un bon petit déjeuner.","name":"Alexandre"},{"pos":[],"date":"janvier 2017","lang":"french","neg":"","text":"Rapport qualité \/prix très bien , proche de la gare part Dieu à pied donc de tous les moyens de transport","name":"Alain"},{"pos":[],"date":"janvier 2017","lang":"french","neg":"matelas tres mou","text":"Bon accueil rapide et efficace, cependant le lit était pas très confortable pour la part (matelas très mou).","name":"Clarisse"},{"pos":[],"date":"janvier 2017","lang":"french","neg":"","text":"Super rapport qualité prix vous pouvez y aller les yeux fermé. Le lit est très confortable la chambre justement équipé. accueil fait par la propriétaire est top! Le petit déjeuner était également convenable, sachant que je peut être considéré comme un bon mangeur! Je le recommande comme point de départ pour visiter la ville car il est proche de la gare.","name":"Rodolphe"},{"pos":[],"date":"janvier 2017","lang":"french","neg":"","text":"Très bon accueil, France set très sympathique et très disponible","name":"Alain"},{"pos":[],"date":"janvier 2017","lang":"french","neg":"","text":"Parfait !! Chambre impeccable Accueil chaleureux Petit déj très correct Adresse à recommander !!","name":"Marie"},{"pos":[],"date":"décembre 2016","lang":"french","neg":"","text":"Bel accueil. Chambre conforme au descriptif","name":"Pierre Marie"},{"pos":[],"date":"décembre 2016","lang":"french","neg":"","text":"France m'a accueilli très sympathiquement. La chambre est conforme à la description et le lit est confortable. Et le petit déjeuner est un petit plus non négligeable !","name":"Vincent"},{"pos":[],"date":"décembre 2016","lang":"french","neg":"","text":"Malgré notre arrivée tardive, l'accueil de France était bien chaleureux. La chambre est fonctionnelle, parfaite pour une escapade rapide dans Lyon. Petit plus, un petit déjeuner simple mais apprécié.","name":"Christophe"},{"pos":[],"date":"décembre 2016","lang":"french","neg":"","text":"Une hôte très sympathique, chez qui on est bien reçu à recommander","name":"Christelle"},{"pos":[],"date":"novembre 2016","lang":"french","neg":"","text":"Disponible et accueil chaleureux, rien à dire, c'était parfait !","name":"Floriane"},{"pos":[],"date":"novembre 2016","lang":"french","neg":"","text":"Séjour impeccable. Nous avons passé une nuit dans l'appartement sans aucun soucis. Accueillante et arrangeante, France est une hôte parfaite! Appartement bien situé.","name":"Fanny"},{"pos":[],"date":"novembre 2016","lang":"french","neg":"","text":"Je voudrais féliciter France et son fils pour l'accueil très sympathique dont j'ai pu bénéficier. Votre appartement est très bien placé, près de la gare de Lyon part Dieu. Chambre simple mais propre, douche individuelle, télévision. Petit déjeuner parfait (j'ai même eu du pain frais) quelle chance. Je conseillerai votre chambre et y reviendrai avec plaisir pour le travail ou mes loisirs. Merci encore et très bonne journée à vous.","name":"Evelyne"},{"pos":[],"date":"novembre 2016","lang":"french","neg":"","text":"France est une hôtesse que répresente toute que j'adore avec Lyon - sympa et avec beaucoup d'hospitalité. C'était une visite très courte mais j'aimerai répéter pour la prochaine fois que je visite Lyon, car c'est proche de la station principal et aussi dans un quartier tranquil et facile de trouver. La maison en particulair est très elegant et très spacieux. Je recommend beaucoup !","name":"Adriel"},{"pos":[],"date":"novembre 2016","lang":"french","neg":"","text":"Très bon accueil, France est très dispo et arrangeante En plus le petit dej, elle est aux petits soins Je recommande Pas loin de la gare part dieu On se sent comme à la maison","name":"Florence"},{"pos":[],"date":"novembre 2016","lang":"french","neg":"interesse","text":"France est une personne accueillante et chaleureuse qui s'intéresse à la personne qu'elle reçoit. La chambre est propre et d'un confort simple. La proximité de la gare (trajet pouvant être effectué à pied) est pratique.","name":"Samia"},{"pos":[],"date":"octobre 2016","lang":"french","neg":"","text":"France est une personne trés agreable qui sait vous mettre a l'aise. accueil parfait ,France m'a conduit a la chambre et a tout mis a ma disposition pour le petit dejeuner . Sejour agréable a renouveler sans hesiter","name":"Didier"},{"pos":[],"date":"octobre 2016","lang":"french","neg":"","text":"Contact bref et efficace à l'arrivée (MmeDelaporte recevait du monde). Petit déjeuner en sa compagnie, discussion très agréable. Nuit simple dans une chambre équipée sommairement mais très pratique.","name":"Anne-Claire"},{"pos":[],"date":"octobre 2016","lang":"french","neg":"","text":"Appartement spacieux et hôte très agréable et serviable. Chambre douillette et lit confortable. Exactement ce que je recherchais. Je recommande !","name":"Julie"},{"pos":[],"date":"octobre 2016","lang":"french","neg":"","text":"je remercie France de m avoir attendu malgrés l heure tardive pour son accueil","name":"Marcel"},{"pos":[],"date":"octobre 2016","lang":"french","neg":"","text":"hote tres sympa avec qui on communique très bien. je recommande complètement. merci pour le petit déjeuner","name":"Christelle"},{"pos":[],"date":"octobre 2016","lang":"french","neg":"","text":"Belle rencontre , France nous a très bien accueilli malgré notre arrivée très tardive (23H30) . La proximité avec la gare lyon part dieu très appréciable ; 1ère expérience de airbnb que nous renouvellerons. Myriam & Philippe","name":"Myriam"},{"pos":[],"date":"octobre 2016","lang":"french","neg":"","text":"Nous avons dormi pour la 2 fois chez France,et c etait tj aussi (URL HIDDEN) chambre est petite,mais optimisee au maximum,avec douche et lavabo. Il faut souligner le lit particulièrement douilletvet propre.","name":"Claude"},{"pos":[],"date":"octobre 2016","lang":"french","neg":"","text":"Discrète et accueillante, France a été très agréable à rencontrer.","name":"Christine"},{"pos":[],"date":"octobre 2016","lang":"french","neg":"","text":"FRANCE A ETE TRES ACCESSIBLE A BIEN REPONDU A NOS ATTENTES NOUS A INDIQUE UNE BONNE PIZZERIA DANS LE QUARTIER POUR LE SOIR A LE CONTACT FACILE","name":"Christian"},{"pos":[],"date":"septembre 2016","lang":"french","neg":"","text":"France s'est montrée très accueillante, disponible et gentille. Une chambre avec toutes les comodités nécessaires, très fonctionnelle.","name":"Anne-Lise"},{"pos":[],"date":"septembre 2016","lang":"french","neg":"","text":"Le logement est propre, bien situé, conforme à la description et France est très accueillante.","name":"Pierre"},{"pos":[],"date":"septembre 2016","lang":"french","neg":"","text":"France a repondu a mes messages tres rapidement, elle sest rendue disponible pour mon arrivée en milieu d'après-midi! La chambre etait identique aux photos, le fait davoir une douche a ete un vrai luxe! L'emplacement proche de la gare est très pratique! Merci encore le petit déjeuner tres sympa ou nous avons pu échanger. Ce sera avec plaisir que je reviendrais chez france lors de ma prochaine visite à Lyon !","name":"Claire"},{"pos":[],"date":"septembre 2016","lang":"french","neg":"","text":"Nous avons très bine été reçu par France, très discrète et sympathique. Un appartement convivial et agréable. Merci!","name":"Boris"},{"pos":[],"date":"septembre 2016","lang":"french","neg":"est peu bruyant","text":"C'est une bonne adresse bien située ( 15mn de la gare de la Part Dieu) On se sent chez soi chez France qui laisse l.accès à sa cuisine en toute confiance ; seul bémol l'environnement du quartier est un peu bruyant ,surtout quand il faut laisser la fenêtre ouverte à cause de la chaleur. Il ne manque rien dans la chambre équipée d'un cabinet de toilette , minimaliste certes mais qui a le mérite d'être indépendant. Même une tv et un ventilateur (!) sont à disposition.","name":"Jp"},{"pos":[],"date":"septembre 2016","lang":"french","neg":"","text":"France est super sympathique et accueillante, malgré l'heure tardive j'ai été super bien reçue, le matin France m'a offert le petit déjeuner! Rien à dire! Juste: merci!","name":"Anna"},{"pos":[],"date":"septembre 2016","lang":"french","neg":"","text":"Très à l'aise. Nous avons pris le petit-déjeuner ensemble!!!","name":"Philippe"},{"pos":[],"date":"août 2016","lang":"french","neg":"","text":"France est très agréable, elle vous met vite à l'aise. Nous avons passé une nuit à Lyon avant de prendre l'avion pour Madrid. Appartement proche de la gare Part-Dieu et du parc de la téte d'or. On recommande. France répond également vite à vos messages","name":"Juliette"},{"pos":[],"date":"août 2016","lang":"french","neg":"","text":"France nous a accueillies très gentiment dans son appartement, qui était très propre et parfaitement conforme au descriptif du site. Son emplacement est très pratique pour attraper un train de bonne heure à Part Dieu comme nous devions le faire.","name":"Christine"},{"pos":[],"date":"juillet 2016","lang":"french","neg":"","text":"France nous a accueilli avec bonne humeur et bienveillance malgré notre arrivée tardive et nous avons passé une très bonne nuit. On entend la rue si on dors fenêtre ouverte (évidemment) mais en fermant tout va :). Le logement est facilement accessible depuis la gare de Part Dieu. Ça a été l'escale idéale pour nous :)","name":"Claire"},{"pos":[],"date":"juillet 2016","lang":"french","neg":"","text":"Très bel accueil de France. Tout était prévu pour que nous passions une bonne nuit. Le petit déjeuner était préparé avec beaucoup d'attention. Nous nous sentions comme chez nous. Merci.","name":"Ludivine"},{"pos":[],"date":"juillet 2016","lang":"french","neg":"rue peu bruyante","text":"Ma fille trouvait la rue un peu bruyante le soir, elle apprécié qu'il y ait une télé, une salle de bains dans la chambre, serviette de toilette mis à disposition. Le matin elle a un peu discuté avec France, ayant un train à prendre elle ne pouvait pas s'attarder. Mais elle a beaucoup apprécié ce petit moment de partage.","name":"Véronique"},{"pos":[],"date":"juillet 2016","lang":"french","neg":"","text":"chez France ..on s y sent tout de suite très bien ...son sourire ,sa gentillesse, la maison ...un peu comme chez soi ...j y ai tres tres bien dormi...j ai maintenant un point de chute à Lyon..","name":"Isabelle"},{"pos":[],"date":"juillet 2016","lang":"french","neg":"","text":"RAS douche un peu exigüe mais pour 2 soirs c'est bien","name":"Pascal"},{"pos":[],"date":"juin 2016","lang":"french","neg":"","text":"Accueil très sympathique et hôte agréable tant par son acceuil que par sa discrétion Le quartier est vivant","name":"Marie-Dominique"},{"pos":[],"date":"juin 2016","lang":"french","neg":"","text":"accueil très agréable, hôtesse sympathique. très bon rapport qualité prix. quartier calme. le seul soucis indépendant de notre location et de notre hôtesse, c'est le stationnement des véhicules. mieux vaut prévoir un parking hors de la ville, les transports en commun sont très bien faits, et à 2mn de la chambre. la découverte de Lyon nous a été très agréable.","name":"Doris"},{"pos":[],"date":"juin 2016","lang":"french","neg":"","text":"J'ai bien aimé le séjour chez France. Elle était rapidement réactive en envoyant les détails du séjour. La maison est bien située pas loin de la gare Part-Dieu dans un cartier très calme. France était là comme convenu et m'a aidé avec des conseils pratique concernant mon itinéraire. La chambre était propre avec une douche individuelle (ce qu' est super) et l'intimité est très respectée. Le petit déjeuner était généreux. Bref je me sentait chez soi avec une intimité très respectée. Si je serai de retour à Lyon, je reviendrai volontier chez France.\n+ Plus","name":"Mehdi"},{"pos":[],"date":"mai 2016","lang":"french","neg":"","text":"Nous avons passé un excellent séjour chez France, qui a été chaleureuse et très accueillante tout en donnant un sentiment d'indépendance. La chambre, située dans un grand appartement au calme, correspond aux photos et à la description données sur le site, et est idéale pour une ou deux personnes. Un grand merci !","name":"Léa"},{"pos":[],"date":"mai 2016","lang":"french","neg":"","text":"Logement fidèle à la description. Adresse très pratique car à proximité de la gare. France est très à l'écoute et disponible. Je recommande cette adresse.","name":"Coralie"},{"pos":[],"date":"mai 2016","lang":"french","neg":"","text":"L'appartement de France est très proche de la Part Dieu, au calme, son accueil est chaleureux et on resterait bien un peu plus. Merci beaucoup !","name":"Marianne"},{"pos":[],"date":"mai 2016","lang":"french","neg":"","text":"France est vraiment sympa et amicable. Elle peut parler en englais et fracais, qui est parfaite pour les voyageurs Le chambre est assez pour deux et le location est 10 minute loin de gare part-dieu et vraiment pratique.","name":"Atsuki"},{"pos":[],"date":"mai 2016","lang":"french","neg":"","text":"Un très bon accueil, France est adorable et aux petits soins pour ses hôtes... Un très bon rapport qualité prix... Merci France:))))","name":"Alexandre"},{"pos":[],"date":"mai 2016","lang":"french","neg":"","text":"Il pleuvait des cordes et France nous a prêté son parapluie pour que nous puissions aller nous promener. Le quartier est très pratique pour visiter ce côté de Lyon , de plus c'est très calme pour dormir et le matelas est bon . Bon rapport qualité prix.","name":"Christiane"},{"pos":[],"date":"mai 2016","lang":"french","neg":"","text":"Accueil très chaleureux, l'appartement est situé à 10 minutes à pied de la gare Lyon Part-Dieu très pratique, de nombreux restaurants sont proches pour pouvoir manger. La chambre est très bien et très propre, correspond parfaitement à la description, il y a tout ce qu'il faut pour se sentir comme chez soi. Petit déjeuner complet proposé. Je recommande vivement cette adresse.","name":"Jonathan"},{"pos":[],"date":"mai 2016","lang":"french","neg":"","text":"Appartement très agréable et très propre. La chambre est spacieuse et très commode avec lavabo et douche individuels. Le quartier très calme et très proche de la gare Part Dieu (on peut s'y rendre à pied) et du centre de Lyon. France est une hôte très accueillante et très arrangeante, Tellement sympathique qu'on s'y sent chez nous. C'est sur, mon prochain passage à Lyon c'est chez France que je séjournerai. Je recommande vivement.","name":"Kahina"},{"pos":[],"date":"mai 2016","lang":"french","neg":"","text":"Nous sommes très bien accueillies chez France. Nous sommes touchées par votre écoute attentive et par votre sympathie. Votre quartier est en sécurité et calme. Merci beaucoup pour le petit déjeuner copieux. Nous aimerions bien retourner chez elle un week end en cas de fête ou de foires etc.","name":"Anne"},{"pos":[],"date":"mai 2016","lang":"french","neg":"","text":"C'était très chouette de passer une nuit chez France, qui est drôle et flexible concernant les temps !","name":"Ann"},{"pos":[],"date":"avril 2016","lang":"french","neg":"","text":"J'aime l'appartement beaucoup parce que c'est pas loin à SNCF station et le petit déjeuner que j'ai mangé ce sont croissant et café,c'est une expérience française je pense. Merci France~","name":"Yuan"},{"pos":[],"date":"avril 2016","lang":"french","neg":"","text":"Très bon accueil chez France qui nous met à l'aise rapidement. La chambre est chaleureuse et agréable !","name":"Claire"},{"pos":[],"date":"avril 2016","lang":"french","neg":"","text":"Très bien, chambre d'accord à la description et hôte sérieuse et discrète. Je recommande le logement de France, en particulier pour un séjour de travail.","name":"Nicolas"},{"pos":[],"date":"avril 2016","lang":"french","neg":"","text":"La chambre est petite,mais propre douillette et fonctionnelle,il y a tout ce qu il faut a l interieur!Le petit dejeuner est copieux et France est trew conviviale et disponible. C est un e chambre idéale pour de cours séjours,proche de la Part Dieu,avec bc de petits commerces et restaurant autour.Une bonne adresse a tout petit prix","name":"Claude"},{"pos":[],"date":"avril 2016","lang":"french","neg":"","text":"Séjour très agréable, France est une hôte très attentive à notre bien-être et nos besoins, la chambre avec douche lavabo et télévision est parfaite pour de cours séjours, quartier agréable et très calme la nuit, petit déjeuner copieux et préparé avec raffinement. A recommander. Merci à France","name":"Brigitte"},{"pos":[],"date":"avril 2016","lang":"french","neg":"","text":"Accueil très chaleureux, France est très gentille et reste à notre disposition. Chambre impeccable, avec télévision, et douche et lavabo. Petit déjeuner au matin à disposition. Rien à redire !! Si vous voulez passer un bon séjour vous pouvez réserver ;)","name":"Adèle"},{"pos":[],"date":"avril 2016","lang":"french","neg":"","text":"Accueil très sympa de France. Je recommande","name":"Aurelien"},{"pos":[],"date":"avril 2016","lang":"french","neg":"","text":"Séjour très agréable, France est chaleureuse, accueillante et conviviale! Très belle chambre avec télévision, douche et lavabo, petit déjeuner copieux! Je reviendrai sans hésiter et je recommande vivement!","name":"Elisa"},{"pos":[],"date":"avril 2016","lang":"french","neg":"","text":"Séjour très agréable. FRANCE a su nous mettre à l'aise et a contribué à ce que notre séjour soit réussi.","name":"Marie Odile"},{"pos":[],"date":"avril 2016","lang":"french","neg":"","text":"Très gentille personne a l, , ecoute de ses hôtes","name":"(EMAIL HIDDEN)"},{"pos":[],"date":"avril 2016","lang":"french","neg":"","text":"Très grande amabilité et disponibilité","name":"Marie"},{"pos":[],"date":"avril 2016","lang":"french","neg":"","text":"France est une charmante hôtesse. L'accueil sympathique, la chambre simple mais calme et agréable, et un super petit déjeuner...tout était parfait. en plus, à deux pas, un petit resto tunisien, à tomber !!!!!","name":"Janine"},{"pos":[],"date":"avril 2016","lang":"french","neg":"","text":"La chambre que j'avais reservée est conforme au descriptif, pas trop grande. Convient pour une ou deux nuits.","name":"Isabelle"},{"pos":[],"date":"mars 2016","lang":"french","neg":"","text":"Nous avons été très bien accueillis à notre arrivée. La chambre était simple mais très propre. Le petit-déjeuner a été bien apprécié à 5h30 du matin!","name":"Pei"},{"pos":[],"date":"mars 2016","lang":"french","neg":"","text":"Formidable ! On se sent tout de suite comme chez soi. France est une personne très agréable avec qui on a plaisir à papoter. La chambre est très calme, le petit déjeuner copieux et délicieux. La gare est à 10 mn à pied un réel atout pour les gens pressés comme moi. Je recommande chaleureusement ce séjour.","name":"Claude"},{"pos":[],"date":"mars 2016","lang":"french","neg":"","text":"J'ai passé qu'une nuit chez France, et suis reparti le matin, mais on a pu bien discuter, et France m'a appris des choses sur la ville de Lyon et a su transmettre son amour pour sa ville. Côté chambre, le lit est grand et bien confortable, il y a une douche dans la pièce. Nickel !","name":"Laurent"},{"pos":[],"date":"mars 2016","lang":"french","neg":"","text":"Trés bon accueil Chambre confortable Je conseil !","name":"Margaux"},{"pos":[],"date":"mars 2016","lang":"french","neg":"","text":"Tres Bon accueil, France est une hote a la fois discrete et enthousiaste, nous avons toutes deux passé un tres Bon moment.","name":"Virginie"},{"pos":[],"date":"mars 2016","lang":"french","neg":"","text":"France a été très accueillante et disponible tout le long de mon séjour, je recommande très fortement ce logement qui est très confortable et pratique..","name":"Tristan"},{"pos":[],"date":"mars 2016","lang":"french","neg":"","text":"Le logement est très fidèle aux photos. Je suis restée une nuit et j'ai choisi l'emplacement en fonction de mes rendez vous. Bon rapport qualité \/ prix. France s'est rendue très disponible pour mon arrivée. Un peu trop loin du centre mais proche de Part Dieu et des arrêts de bus.","name":"Fanny"},{"pos":[],"date":"mars 2016","lang":"french","neg":"","text":"Très bon séjour chez France, intérieur propre et tenu avec goût, salle de bain privative très agréable et quartier agréable avec beaucoup de restaurants. France est une hôtesse très agréable avec de la conversation et à l'écoute de ses hôtes. Petit déjeuner tout à fait correct. Je recommande et reviendrai si l'occasion se présente. Merci !","name":"Cécile"},{"pos":[],"date":"mars 2016","lang":"french","neg":"","text":"France est une excellente hôte, très accueillante et sympathique ! La chambre est parfaite avec petite salle de bain aménagée. Le logement est situé à une dizaine de minutes à pied de la gare et à proximité d'un arrêt de bus.","name":"New"},{"pos":[],"date":"mars 2016","lang":"french","neg":"","text":"Super expérience, France est une hôte irréprochable, toujours aux petits soins! Le petit déjeuner est excellent!","name":"Marie"},{"pos":[],"date":"mars 2016","lang":"french","neg":"","text":"Très bien reçue par France qui m'a mise à l'aise tout de suite et que j'ai trouvée très agréable.","name":"Michele"},{"pos":[],"date":"mars 2016","lang":"french","neg":"","text":"Logement conforme à la description. France répond rapidement et est arrangeante. Logement adapté pour un court séjour.","name":"Maxime"},{"pos":[],"date":"février 2016","lang":"french","neg":"","text":"Très bonne nuit chez France: pas loin de la gare de la Part-Dieu, chambre confortable avec douche et bureau.","name":"Cédric"},{"pos":[],"date":"février 2016","lang":"french","neg":"","text":"Nous avons passé un agréable séjour à Lyon. France nous a accueillis avec beaucoup de gentillesse. Le petit déjeuner du matin fut appréciable et apprécié.","name":"Bernard"},{"pos":[],"date":"février 2016","lang":"french","neg":"","text":"France a été une hôtesse chaleureuse et arrangeante. On est arrivé à 23h, France nous a gentillement accueilli. La maison est à côté de la gare.","name":"Othman"},{"pos":[],"date":"février 2016","lang":"french","neg":"","text":"Merci France pour votre accueil. très bon séjour. chambre confortable et très propre avec douche privative très appréciable.","name":"Mélanie"},{"pos":[],"date":"février 2016","lang":"french","neg":"","text":"Très beau séjour chez France, trop court malheureusement ! Accueil très chaleureux et sympathique. C'est l'Adresse à Lyon quand on veut faire une halte !","name":"(EMAIL HIDDEN)"},{"pos":[],"date":"février 2016","lang":"french","neg":"","text":"Notre court séjour chez France a été très agréable. Une très bonne communication en amont, un accueil chaleureux et souriant, une conversation sur l'histoire et l'art de Lyon très intéressante, nous avons pu rentrer tard après notre spectacle sans la déranger et nous avons très bien dormi. Un petit déjeuner attendait notre lever tôt le matin de notre départ, dans un salon très agréable et lumineux même avec le temps pluvieux que nous avons eu. L'appartement est très bien desservi par les transports (tram, bus) et très proche de la gare Lyon Part Dieu, à 10-15 min sans se presser à pied. N'hésitez donc pas à passer vos nuits à Lyon chez France!\n+ Plus","name":"Lauréline"},{"pos":[],"date":"février 2016","lang":"french","neg":"","text":"France est une hôte très accueillante et compréhensive. L'appartement est superbe, dans le style vieux appartement lyonnais. La charme est propre et dispose même d'un petit coin salle de bain, comme sur la photo. Le séjour a été court mais très agréable","name":"Nathalie"},{"pos":[],"date":"février 2016","lang":"french","neg":"","text":"Super sympa, accueil parfait et très serviable","name":"Dehorter"},{"pos":[],"date":"février 2016","lang":"french","neg":"","text":"On a eu un bon séjour chez France, le local idéal pour les voyageurs qui cherchent un logement près de la gare.","name":"Arnaud"},{"pos":[],"date":"février 2016","lang":"french","neg":"","text":"Merci à France pour son accueil et sa gentillesse. Un court séjour professionnel dans cette belle ville de Lyon...","name":"Karen"},{"pos":[],"date":"février 2016","lang":"french","neg":"","text":"Super accueil de la part de France, le logement est très bien situé non loin de la gare part dieu et il correspond à la description ! Encore merci !!","name":"Laura"},{"pos":[],"date":"janvier 2016","lang":"french","neg":"","text":"France est une femme formidable! Elle nous a accueilli chaleureusement comme si on était ses petites filles et elle nous a aidé à découvrir Lyon et ses beautés. Je la recommande à tout le monde :)","name":"Roberta"},{"pos":[],"date":"janvier 2016","lang":"french","neg":"","text":"Accueil très sympathique. Confort et prestation corrects, qui correspondent au tarif très accessible proposé. Je recommande.","name":"Teddy"},{"pos":[],"date":"janvier 2016","lang":"french","neg":"","text":"Séjour parfait à Lyon grâce à l'accueil et la gentillesse de France. Merci encore.","name":"Sandrine"},{"pos":[],"date":"janvier 2016","lang":"french","neg":"","text":"La chambre et le logement correspondent bien à la description qui en est faite sur le site. La chambre est assez grande, propre avec un coin salle de bain en retrait. La literie est confortable et l'hôte très agréable. Le logement est à côté de la gare mais assez loin des métros.","name":"Camille"},{"pos":[],"date":"janvier 2016","lang":"french","neg":"","text":"France est une hôtesse parfaite. Nous avons eu des échanges intéressants, son appartement est sympathique, la chambre est bien équipée et calme et le lit confortable. Merci","name":"Raphael"},{"pos":[],"date":"janvier 2016","lang":"french","neg":"","text":"Hôte très accueillante et arrangeante. La chambre n'est pas immense, mais très fonctionnelle avec sa douche privative, de l'espace de rangement et une télé. Des produits simples mais bons pour le petit déjeuner. Excellent rapport qualité prix !","name":"Antoine"},{"pos":[],"date":"janvier 2016","lang":"french","neg":"","text":"Très bon séjour chez France. La chambre correspond bien à la description et on a été bien accueilli par France.","name":"Jeanne"},{"pos":[],"date":"décembre 2015","lang":"french","neg":"","text":"France à été très gentille avec nous, et nous a décrit les lieux à visiter. Très beau logement, bien situé.","name":"Arthur"},{"pos":[],"date":"décembre 2015","lang":"french","neg":"","text":"Super accueil de France, chambre bien équipée et quartier sympa, bien desservi.. Nous reviendrons!!","name":"Marine"},{"pos":[],"date":"décembre 2015","lang":"french","neg":"","text":"La chambre est proche à pied de la gare Lyon Part-Dieu dans un quartier vivant avec de nombreux commerces. La chambre située dans une rue calme correspond au descriptif. France est chaleureuse, d'agréable compagnie tout en se montrant discrète.","name":"Suzanne"},{"pos":[],"date":"novembre 2015","lang":"french","neg":"","text":"Séjour très agréable. Le logement est très bien situé pour qui arrive à la Gare de Lyon part-Dieu. France nous a tout de suite mis à l'aise et elle est un hôte très agréable et prévenant. Petite chambre pratique et bien équipée : douche + lavabo. Une adresse à recommander.","name":"Françoise"},{"pos":[],"date":"novembre 2015","lang":"french","neg":"","text":"Très bon accueil de France dans sa demeure, présentation de la chambre indépendante très propre et fonctionnelle avec douche et lavabo et un bureau.","name":"Patrick"},{"pos":[],"date":"novembre 2015","lang":"french","neg":"","text":"Nous sommes restées chez France une nuit, son accueil chaleureux et sa bonne humeur nous feront sans doute revenir chez elle si nous sommes de passage à Lyon. Son appartement est idéalement situé à 10 min de la gare. France nous a guidé dans notre visite de la ville. Nous vous la recommandons donc vivement. De plus, la chambre est très propre et fonctionnelle avec sa propre douche et lavabo.","name":"Justine"},{"pos":[],"date":"novembre 2015","lang":"french","neg":"","text":"France est adorable. La chambre est douillette avec une douche, ce qui permet une véritable indépendance. Je vous conseille vivement de dormir dans ce havre de paix. On se sent comme à la maison. Je recommande vivement !!!!!","name":"Salomé"},{"pos":[],"date":"octobre 2015","lang":"french","neg":"","text":"France est une lyonnaise charmante qui vous fait vous sentir tout de suite à l'aise et qui n'hésitera pas à vous donner de bons conseils sur la ville. La chambre était très confortable, l'appartement aussi, et c'est avec plaisir que l'on y retourne.","name":"Raphaël"},{"pos":[],"date":"avril 2017","lang":"french","neg":"","text":"Un super BnB. Belle chambre avec douche incorporée. L'appart est commode et bien situé entre la Part-Dieu et Villeurbanne. La communication avec France fut très agréable. À bientôt pour une nouvelle escale sur Lyon","name":"Francesco"},{"pos":[],"date":"avril 2017","lang":"french","neg":"","text":"Nous avons reçu un accueil hyper chaleureux, dans un endroit confortable et agréable et très bien situé. Merci beaucoup à France !","name":"Marie-Laurence"},{"pos":[],"date":"mars 2017","lang":"french","neg":"","text":"J'ai passé un bon séjour. France m'a très bien accueilli et fait en sorte que tout se passe bien.","name":"Tuennaps"},{"pos":[],"date":"février 2017","lang":"french","neg":"","text":"Un séjour très agréable chez une hôte tout à fait sympa. La chambre est simple, mais complètement suffisante. La communication et en général le séjour avec France s'est très bien passée, je recommande vivement!","name":"Henrik"},{"pos":[],"date":"janvier 2017","lang":"french","neg":"","text":"France est très gentile et accueil.","name":"Yu-Wen"},{"pos":[],"date":"décembre 2016","lang":"french","neg":"etait probleme","text":"J'ai passé une nuit chez France dans le cadre d'une visite touristique de Lyon. Pour cela, l'appartement est bien situé car il n'est pas loin de la gare SNCF ni du transport commun vers le centre. La bienvenue était très chaleureuse. Le matin France m'a préparé le petit-déjeuner et elle s'a pris le temps de converser avec moi. Elle m'a aussi conseiller des bonnes choses à visiter. La communication avant l'arrivée était sans aucun problème. Je peux vraiment conseiller de se loger chez France.","name":"Carmen"},{"pos":[],"date":"novembre 2016","lang":"french","neg":"","text":"Nous avons eu énormément de plaisir à séjourner chez France, une personne chaleureuse et accueillante. Son appartement à un cachet indéniable et nous le recommandons à quiconque fait une escale à Lyon.","name":"Jules"},{"pos":[],"date":"octobre 2016","lang":"french","neg":"","text":"J’étais très contente de faire la connaissance de France. Elle était très accueillante et gentille. La chambre et tout l’appartement étaient propres et comfortables. France était bien gentille. Quand j’avais des questions, elle était prête à m’aider. L’appartement est très pratique parce qu’il est près des transports en commun.","name":"Linda"},{"pos":[],"date":"octobre 2016","lang":"french","neg":"","text":"Séjour très agréable en compagnie de France qui a été très chaleureuse. Appartement plutôt bien situé, à 15 minutes à pied de la part dieu.","name":"Manoa"},{"pos":[],"date":"octobre 2016","lang":"french","neg":"","text":"Tres bonne host, j'ai recommendes a tout le monde! France est super sympa! Meme si on n'a pas ou rester manger le petit dej avec Elle!! France nous a laissee utiliser son planche pour les vetements et don dentifrixe, meme si ca cest pas inclu!! Tres sympaqthique!!","name":"Christian"},{"pos":[],"date":"septembre 2016","lang":"french","neg":"","text":"Séjour très bref (juste une nuit) mais très agréable, dans un appartement chaleureux et à proximité de la gare Part-Dieu. Pas eu le temps de beaucoup échanger avec France mais son accueil a été fort sympathique.","name":"Cécile"},{"pos":[],"date":"août 2016","lang":"french","neg":"","text":"France est une personne très accueillante. Son appartement est situé à 10 minutes max de la gare et a été un excellent endroit pour notre pause entre 2 étapes. Pour le reste, rien à dire, c'était nickel !","name":"Karl"},{"pos":[],"date":"juillet 2016","lang":"french","neg":"","text":"J'ai fait étape à Lyon en descendant dans le sud, et je suis restée une nuit chez France à cette occasion. Elle a été très accueillante, l'appartement est super joli (et très bien placé par rapport accueil la Part Dieu et au centre ville). Le lit et la chambre sont très confortable.","name":"Mathilde"},{"pos":[],"date":"juillet 2016","lang":"french","neg":"","text":"Toujours très gentil. Petit dej agréable. Merci par garder notres valises (à l'arrivée et à la sortie). Au notre paraître, il faudrait remarquer dans le description: n'use pas du frigo et n'use pas de salle à manger (except pour le petit dej.)","name":"Hernan"},{"pos":[],"date":"juillet 2016","lang":"french","neg":"","text":"J'ai eu un accueil très chaleureux, ma chambre venait d'être nettoyé, elle m'a mis en main les clefs de son logement en toute confiance. Nous avons eu des discussions très intéressants car Madame DELAPORTE a beaucoup de connaissances et de bon sens.","name":"Habibi"},{"pos":[],"date":"mars 2016","lang":"french","neg":"","text":"Nous avons passé deux nuits chez France. Accueil incroyable, France donne plein de super conseils sur les restos, les musées... Les petits déjeuners sont copieux, la chambre avec une douche privative. L'appartement est parfaitement situé, idéal pour visiter la ville. France est une personne formidable! Encore merci infiniment pour tout! ;-) Gaëlle&Marc","name":"Gaelle"},{"pos":[],"date":"décembre 2015","lang":"french","neg":"","text":"Tout s est très bien passé chez France. Très bon accueil, chambre conforme à la description et petit déjeuner délicieux. Tout était parfait.mais je recommande surtout cette location pour la gentillesse et la disponibilite de France. Merci pour tout nous reviendrons avec plaisir !","name":"Anne-Cécile"},{"pos":[],"date":"décembre 2015","lang":"french","neg":"","text":"Nous avons dormi chez France une nuite, très gentillement elle nous attendu jusqu'à 1 heure et le jour suivant nous a preparé un super petit-dejeuner! On a parlé et elle nous a donné des precieux conseils pour visiter la ville, nous sommes très contentes de l'avoir connu! Sa maison est très jolie et accueillante!","name":"Ottavia"},{"pos":[],"date":"janvier 2017","lang":"english","neg":[],"text":"Thank you for the breakfast!","name":"溪"},{"pos":[],"date":"décembre 2016","lang":"french","neg":"","text":"Y","name":"Philippe"},{"pos":[],"date":"novembre 2016","lang":"french","neg":"","text":"Chambre propre et France est disponible pour l'accueil. Rien à redire pour une nuit.","name":"Romain"},{"pos":[],"date":"mai 2016","lang":"english","neg":[],"text":"Nice place not far from Part Dieu station (take La Villette exit). France is a lovely, professional host. I would definitely stay again.","name":"Matthew"},{"pos":[],"date":"décembre 2015","lang":"english","neg":[],"text":"I had a wonderful time staying with France. She was so warm and hospitable. My room had everything I could need, from a hairdryer to an incredibly comfortable bed. The icing on the cake was breakfast in the morning. I highly recommend staying in this lovely apartment, and I hope I'll be back soon!!","name":"Anne"},{"pos":[],"date":"juin 2017","lang":"english","neg":[],"text":"France's apartment is great, clear and very well located. And France accepted my last minute booking and was very helpful.","name":"Maylis"},{"pos":[],"date":"juin 2017","lang":"english","neg":[],"text":"Like others said it is not extremely close to the main sites. It is close to the main train station, on a bus line, and a few blocks walk to the #1 tram. France was there to meet me and showed me where everything was. She lives in a quiet neighborhood\/building. For the price I would stay there again.","name":"Beck"},{"pos":[],"date":"mai 2017","lang":"english","neg":[],"text":"I loved this AirBNB! Having a private shower and sink in the room was really nice. It is a bit far from the center of town but I thought it was a lovely and not too far walk to get to Vieux Lyon. France was very helpful, even with my lack of speaking French. I would definitely stay here again!","name":"Alyssa"},{"pos":[],"date":"mai 2017","lang":"english","neg":[],"text":"I had a very good time in her house,my room is very clean and she is so kind, I wish I could spend more time there!","name":"Xueer"},{"pos":[],"date":"mai 2017","lang":"english","neg":[],"text":"France's place is really close to the main train and bus station (Gare de Lyon Part-Dieu), a 15-minute walk, and it is next to a big avenue (so no worries about shady streets or anything like that). As a host, France radiates warmth and makes you feel welcome (and understands if you are too tired to do anything than just sleep :)) All in all, it was great staying at her place and I highly recommend it!","name":"Ioana"},{"pos":[],"date":"mai 2017","lang":"english","neg":[],"text":"France's place was perfect for the two nights I stayed. It had its own shower and sink, little TV, very clean and quiet, and in a convenient location for transportation getting into Lyon as well as into the old quarters. She was also very helpful and gave great advice. Highly recommend, thankyou France :-)","name":"Sam"},{"pos":[],"date":"mai 2017","lang":"english","neg":[],"text":"France was very nice with me and she gave me some nice tips to walk around since when I arrived everything was closed because fo holiday.","name":"Eleonora"},{"pos":[],"date":"avril 2017","lang":"english","neg":[],"text":"France was very wellcoming and helpfull. Mattrass and shower were good. Breakfast was offered. Very recomandable.","name":"Hartmut"},{"pos":[],"date":"avril 2017","lang":"english","neg":[],"text":"Good stay for the price, everything was clean and tidy. Had some trouble with the Checkout though.","name":"Matthias"},{"pos":[],"date":"avril 2017","lang":"english","neg":[],"text":"Her mail was easy to understand how to get there, so I didn't have any problems to get there. And wi-fi connection was perfect! It was quite comfortable!","name":"Maki"},{"pos":[],"date":"février 2017","lang":"english","neg":[],"text":"The room is beautiful. Unfortunately the location wasn't the best way to see Lyon, a little removed from the center of the city, but was still close enough to be accessible. Thanks for a great stay!","name":"Malcolm"},{"pos":[],"date":"février 2017","lang":"english","neg":[],"text":"It was a nice place, although we only stayed for a couple of hour. Chambre was a warmheatedness, she answered all the questions kindly and make us at home. Our room was not big but really comfortable, the bathroom was in the room, so it offered more convenience and kept privacy. We are suppose to come early, but the plane was delayed, it's pity that we only stayed a while and we hope staying longer next time!","name":"丹妮"},{"pos":[],"date":"décembre 2016","lang":"english","neg":[],"text":"Good value for the money. France was very accommodating and the room was perfect for my needs.","name":"Nathan"},{"pos":[],"date":"novembre 2016","lang":"english","neg":[],"text":"France greeted us at the door and showed us around even though we arrived late at night. Her apartment had everything we needed for a welcome stay.","name":"Anthony"},{"pos":[],"date":"novembre 2016","lang":"english","neg":[],"text":"한국분들이 제 후기를 보시고 도움이 되셨으면 좋겠습니다!♡ 일단 사진보다 방이 더 괜찮고 깨끗합니다. 그리고 무엇보다 정말 정말 친절하세요. 영어도 정말 잘하셔서 의사소통에 문제가 없답니다! 집 위치도 좋아요! 트램 thiers? 정거장에서 내려서 걸어서 10분도 안됩니다. 그리고 떼제베타는 기차역까지도 걸어서 10분 정도구요! 꼭 여기서 묵으세요! 전 100% 만족합니다! Thank you so much~~~~♡","name":"수인"},{"pos":[],"date":"octobre 2016","lang":"english","neg":[],"text":"location was easy to find and room was big enough to use by myself. also convinient with small bathroom(w\/o toilet!) living room and kitchen is nice also! it was a bit cold to me though. Maybe because of rain:'(","name":"Jean"},{"pos":[],"date":"octobre 2016","lang":"english","neg":[],"text":"The apartment is about 15 minutes distance from the train station by walk. The madam is very kind. She told us to be just at home. There's a individual shower in our room, it's so nice. And the room is nice too. She also supply us simple breakfast. We are so glad to meet her.","name":"非"},{"pos":[],"date":"octobre 2016","lang":"english","neg":[],"text":"Beautifully decorated quaint french apartment in Lyon. France was a delightful host to with whom to speak about Lyon, cuisine, et al. Really convinient location (10 min walk for Part Dieu). Nice neighborhood with grocery shops and restaurants. Would definitely stay again.","name":"Paul"},{"pos":[],"date":"octobre 2016","lang":"english","neg":[],"text":"France was very nice and accommodating! Space was very charming and she was very accommodating. She set out table settings for breakfast and invited us to help ourselves to bread jam milk tea etc. We woke up a bit late and left to go straight to lunch but really appreciated her! Would stay here again","name":"J"},{"pos":[],"date":"octobre 2016","lang":"english","neg":[],"text":"We had an amazing stay in Lyon with France! She is a charming and accommodating host who made us feel so at home. The location is a short walk from the main transit spot (super convenient)! If we're ever in Lyon again, we would love to stay here!","name":"Lizzy"},{"pos":[],"date":"septembre 2016","lang":"english","neg":[],"text":"After a very long trip, my arrival and stay at the chambre d'hote hosted by France was perfect. It took me about 5 minutes to walk from the Part Dieu station, and France's attentive communications before my arrival made it easy to find. The location is very convenient - whether for quick access to plenty of neighborhood restaurants and shops - or to downtown Lyon via convenient public transit. Actually, I like strolling city streets, and enjoyed walking all the way from France's place to the Vieux Lyon, taking in the sights. France is a gracious host and capable of delightful conversation, but never intrusive during my 2-night stay. She is well-traveled herself, and I really appreciated her thoughtfulness, providing privacy when appropriate or helpful information, according to my wishes. I look forward to returning here again!\n+ Plus","name":"Wayne"},{"pos":[],"date":"septembre 2016","lang":"english","neg":[],"text":"Ideal location if travelling by train and in need of a bed for the night. Within walking distance to the station. Secure premises and felt safe. Helful hostess.","name":"Sharon"},{"pos":[],"date":"août 2016","lang":"english","neg":[],"text":"France was a lovely host. Room was as shown. It was only a short stay, but was lovely.","name":"Zoe"},{"pos":[],"date":"août 2016","lang":"english","neg":[],"text":"France was a very nice host, thank you! I can recommend this flat to other turists too. It is in the near of the station and you have many opportunities to eat there.","name":"Zsuzsa"},{"pos":[],"date":"août 2016","lang":"english","neg":[],"text":"France was a welcoming host, very friendly and informative. The room is comfortable, in a pretty good location. France also went above and beyond with breakfast and making us comfortable. A great place to stay!","name":"Meredith"},{"pos":[],"date":"août 2016","lang":"english","neg":[],"text":"Elegant lady and I enjoy staying with her. The apartment is very near to the train station and le parc de la Tête d'Or. A short stay and nice esperienze.","name":"Sue"},{"pos":[],"date":"août 2016","lang":"english","neg":[],"text":"The location is exactly as shown on the pictures. France is very nice and caring. I definitely recommended this location to everybody who wants to stay in Lyon. If the weather is nice, it's good to rent City bikes.","name":"Markus"},{"pos":[],"date":"août 2016","lang":"english","neg":[],"text":"We had a lovely stay with France. Joining instructions were perfect and the location was ideal ad really close to the main station. We felt totally at home and France was the ideal hostess","name":"Fergal"},{"pos":[],"date":"août 2016","lang":"english","neg":[],"text":"I really enjoyed my stay with France. It's a nice little room with a bed and shower, toilet just across the hall. France even provided some breakfast :)","name":"Sam"},{"pos":[],"date":"juillet 2016","lang":"english","neg":[],"text":"France is a very friendly and nice host! Small and cosy room, tea, coffee, jam for breakfast. A bit far from the city center (30 min walk), but very close to the railway station.","name":"Sergey"},{"pos":[],"date":"juillet 2016","lang":"english","neg":[],"text":"We just stayed a night in france apartment, but everything was fine. The room and shower very clean, and good localization of the apartment. Recomended","name":"Federico"},{"pos":[],"date":"juillet 2016","lang":"english","neg":[],"text":"Lovely, always smiling lady with a nice room with private shower and a healthy breakfast. Certainly going back there!","name":"Frank"},{"pos":[],"date":"juillet 2016","lang":"english","neg":[],"text":"France was very kind and really helpful. The room was clean and comfortable. I really enjoyed my staying in Lyon.","name":"Minyan"},{"pos":[],"date":"juin 2016","lang":"english","neg":[],"text":"France provided a very clean and comfortable room with a shower\/sink inside (separate toilet outside the room). Breakfast was provided and the flat was walking distance to everything. Would recommend!","name":"Andrew"},{"pos":[],"date":"juin 2016","lang":"english","neg":[],"text":"It was a wonderful experience. France is very nice, the wifi works really fast and stable. The room where I stayed is very clean and tidy. You can also find restaurants right on the street downstairs.","name":"Yunyi"},{"pos":[],"date":"juin 2016","lang":"english","neg":[],"text":"France is a very nice host, she contacted me several times before I arrived and made sure everything was fine and I would have no problem for anything. The apartment is only 10 min walk from Lyon Part Dieu Station and there is a big shopping mall with big Supermarket inside right besides the Station. Tram to Lyon Perrache Station is also convenient, no transit needed. The room is nice and cozy with a private shower and washbasin inside! Great value and highly recommend!","name":"Cissy"},{"pos":[],"date":"juin 2016","lang":"english","neg":[],"text":"I only had a brief stopover with France after a late night flight into Lyon. Really easy to get to from the airport and France was kind enough to wait up for me despite arriving around midnight. A lovely apartment and comfortable room in a good location. France gave me some great advice for my stay and we had a lovely chat over breakfast. Would highly recommend!","name":"David"},{"pos":[],"date":"juin 2016","lang":"english","neg":[],"text":"The room was a bit smaller than I imagined but it was fine.","name":"Noel"},{"pos":[],"date":"juin 2016","lang":"english","neg":[],"text":"France is a lovely person. She made our staying with her very comfortable. I have absolutely no complains, she was warming, gave us breakfast, the room was tidy and clean. She also has lots of information available to us, which made us pick very good restaurants and also cheap ones to our student budget. Thank you very much for everything!","name":"Mariela"},{"pos":[],"date":"mai 2016","lang":"english","neg":[],"text":"Comfortable and clean home! France gave us tips on getting around town.","name":"Trang"},{"pos":[],"date":"mai 2016","lang":"english","neg":[],"text":"France was very welcoming and it was easy to communicate check in among other things throughout our stay. The room was clean, bed comfortable, and located about 15 minutes from the center of Lyon. Would definitely recommend!","name":"Katherine"},{"pos":[],"date":"mai 2016","lang":"english","neg":[],"text":"I loved my short stay with France, she is an adorable lady and I felt right at home. I even received a sovereign which I will take back and cherish. In regards to the location and the room, the location is exactly 1.1 KMS from the TGV. If you have, heavy baggage, I suggest you take a cab which will cost only 5 Euro. This is what I did on my way back to the station, however, if you have maybe light baggage, it should be an easy stroll, I had 3 pieces. The room is perfect, the shower cubicle although very tiny for a huge personality such as mine must be enough for most. To have the shower and the sink within the room is very comfortable. I would have preferred thicker curtains to keep the light out early in the morning but these are small things when compared to the wonderful experience I had with France, we chatted a lot and she suggested patiently what I should see and how. The breakfast was good too, although not many provide breakfast on AirBNB, France does and thats definately an advantage.\n+ Plus","name":"Jeevan"},{"pos":[],"date":"mai 2016","lang":"english","neg":[],"text":"We had a wonderful time in Lyon and France's apartment was perfect for a short stay. She was very kind and we felt comfortable. Thank you!","name":"Sascha"},{"pos":[],"date":"mai 2016","lang":"english","neg":[],"text":"Thank you for a pleasant stay.","name":"Clive"},{"pos":[],"date":"avril 2016","lang":"english","neg":[],"text":"France is a wonderful lady. She is very hospitable, very kind and sweet. Staying at hers is like staying at grandma's, she looks out for you, cares for you, have breakfast prepared for you, and is always smiling with a beautiful warm smile. The ROOM was very nice, the bed was super comfortable and the room was clean. The shower and sink locate inside the bedroom, toilet across the room. The LOCATION was good, about 5-8 minute walk from the tram station and a few minutes from the bus station. The area was mostly quiet, there was one night when it got a little bit loud outside and we had to shut the window. Would definitely recommend, and re-visit if we can!\n+ Plus","name":"Wincy"},{"pos":[],"date":"mars 2016","lang":"english","neg":[],"text":"France is very friendly. The room has got its own shower, which is nice. The breakfast was also very fine, thank you!","name":"Marie"},{"pos":[],"date":"février 2016","lang":"english","neg":[],"text":"France's place is very close to Gare Part-Dieu, and the brioche we had for breakfast was very delicious. Thanks again for hosting us France. :)","name":"Jon"},{"pos":[],"date":"février 2016","lang":"english","neg":[],"text":"Wonderful host - truly very kind and extremely helpful if you don't know the area. France is fantastic and great company too!","name":"Kyra"},{"pos":[],"date":"février 2016","lang":"english","neg":[],"text":"A fantastic host. Very enthusiastic about her city, she gave us a map with the directions to all the must see places in Lyon. The apartment is located about 10 mins walk from the Lyon station and located among numerous patteseries and supermarkets on the road nearby. We've already planned our next trip to France with our first stop in Lyon.","name":"Karthik"},{"pos":[],"date":"janvier 2016","lang":"english","neg":[],"text":"We spent a wonderful two days in Lyon in the completion of a two-week ski holiday. Communication with France was a real gem of our vacation and allowed us to really feel the spirit of the French. France speaks good English, and all of her advice was very timely and useful. Our room was very cozy and comfortable with good linens and other necessities. We had a hage baggage and we are very pleased with the opportunity to easily reach on foot from the Gare Part-Dieu. We hope to come back :)","name":"Sergei"},{"pos":[],"date":"janvier 2016","lang":"english","neg":[],"text":"We felt very welcomed and comfortable in this cosy room. Good location and yummy breakfast :-)","name":"Ruby"},{"pos":[],"date":"décembre 2015","lang":"english","neg":[],"text":"The host was very nice and helpful.","name":"Samantha"},{"pos":[],"date":"décembre 2015","lang":"english","neg":[],"text":"The apartment was lovely, very close to the station, France was a fantastic host and very helpful! We would have been happier to spend more time here.","name":"Amy"},{"pos":[],"date":"novembre 2015","lang":"english","neg":[],"text":"France was as nice and acomodating as is possible. Her apartment is clean, tidy and well located, only 10 minutes walking to Part Dieu.","name":"José"},{"pos":[],"date":"novembre 2015","lang":"english","neg":[],"text":"Great experience. Very nice person, very cozy! The accomodation is not too far from the city centre, and also is connect very well with the metro. The ben is comfortable, the ambiente clean. I certainly suggest that room!!!","name":"Alessandro"},{"pos":[],"date":"novembre 2015","lang":"english","neg":[],"text":"friendly and helpful ..... the room full and well equipped","name":"Jader"},{"pos":[],"date":"novembre 2015","lang":"english","neg":[],"text":"France made us feel at home the moment we arrived. She showed us around, told us about herself, and was very kind even though we speak very little French.","name":"Shelby"}],"p_emplacement":4.5,"id":29,"p_qualite-prix":4.5,"p_communication":5}