{"productTitle":"rate_me","p_precision":5,"nbReviews":125,"p_proprete":5,"resume":"","p_arrivee":5,"p_averageRanking":4.8333333333333,"p_productTitle":"rate_me","reviews":[{"pos":[],"date":"juin 2017","lang":"french","neg":"prevoyez peu bruit","text":"J'ai passé un merveilleux séjour, malgré la chaleur. Nicole a su m'arranger en me laissant déposer mes affaires juste à l'arrivée de mon train et idem pour repartir. La chambre est propre. Au cœur d'un quartier du centre-ville, le logement est top pour découvrir Marseille de près ! Prévoyez un peu de bruit le samedi soir dans la rue ! Après reste à savoir si on veut vivre à l'intérieur de la Cité Phocéenne avec son ambiance riche et chaleureuse ou bien dormir dans un lieu un peu plus calme... Le voyage, pour moi, ne se résume pas aux belles plages !\n+ Plus","name":"Thomas"},{"pos":[],"date":"juin 2017","lang":"french","neg":"","text":"Accueil très chaleureux dans cet appartement plutôt spacieux et confortable ! Amine et Nicole sont très sympathiques, disponibles. Agréables discussion avec eux. Seul bémol la rue très animée le week end, mais le double vitrage réduit la nuisance. Merci pour ce séjour !","name":"Laura"},{"pos":[],"date":"juin 2017","lang":"french","neg":"","text":"Appartement très bien situé, accueil très sympathique et chambre confortable. Je recommande.","name":"Erwan"},{"pos":[],"date":"mai 2017","lang":"french","neg":"","text":"L'accueil et la gentillesse d'Amine, par contre je n'ai pas rencontré Nicole. L'appartement est très bien situé pour se promener dans Marseille","name":"Daniel"},{"pos":[],"date":"mai 2017","lang":"french","neg":"","text":"Accueil chaleureux et appartement confortable situé idéalement dans Marseille!","name":"Marie"},{"pos":[],"date":"mai 2017","lang":"french","neg":"","text":"Nicole est une hôte très accueillante et conviviale. La chambre correspondait à mes attentes.","name":"Tony"},{"pos":[],"date":"mai 2017","lang":"french","neg":"","text":"Un accueil chaleureux, une chambre confortable, un petit appartement typiquement marseillais, un quartier très vivant et bien situé : chez Nicole et Amine, c'est le top !","name":"Claire"},{"pos":[],"date":"avril 2017","lang":"french","neg":"","text":"Je souhaite à tout le monde d'être reçu par des gens comme Nicole et Amine. Je ne détaillerai pas, simplement en quelques mots... De vrais belles personnes s'aimant, aimant la vie et les autres. Un joli et agréable nid situé dans un quartier plein en couleur et débordant de vie. Je recommande à 100%","name":"Benoît"},{"pos":[],"date":"avril 2017","lang":"french","neg":"","text":"Ils sont très sympathique et chaleureux. Le logement est très confortable","name":"Hyejoo"},{"pos":[],"date":"mars 2017","lang":"french","neg":"","text":"Conforme à l'annonce","name":"Edouard"},{"pos":[],"date":"mars 2017","lang":"french","neg":"","text":"Un couple très sympathique accueillant et chaleureux. L'esprit de partage ainsi que la solidarité et très présent , c'est typiquement marseillais. Apparemment bien placé en centre ville , vieux port, tram restaurant et commerce à proximité. Séjour agréable, à recommander","name":"Slim"},{"pos":[],"date":"mars 2017","lang":"french","neg":"","text":"L'appartement d'Amine et Nicole est très bien situé et très agréable. Lors de mon passage éclair, j'ai seulement croisé Nicole mais Amine m'a très bien accueilli et m'a offert le petit déjeuner. Je reviendrai sans hésiter lors d'un passage à Marseille !","name":"Iris"},{"pos":[],"date":"janvier 2017","lang":"french","neg":"","text":"Nicole et Amine sont très chaleureux et ouverts. Ils nous ont vraiment accueillies. Nous avons passé un très beau moment de rencontre avec eux. A recommander!!","name":"Frédérique"},{"pos":[],"date":"décembre 2016","lang":"french","neg":"","text":"Un très bon séjour à nouveau chez Nicole. J'ai été reçu par son compagnon, très sympa. Merci!","name":"Garance"},{"pos":[],"date":"novembre 2016","lang":"french","neg":"est peu bruyante","text":"Bon c'est vrai que la rue est un peu bruyante mais Nicole et Amine sont tops! Très arrangeants! Super sympas et positifs! Hyper souriants! Je recommande à 200%!","name":"Sarah"},{"pos":[],"date":"novembre 2016","lang":"french","neg":"","text":"Bon accueil, quartier calme mais qui fait un peu peur à première vue. Horaires d'arrivée et de départ flexible. Je n'ai pas pu leur dire au revoir, dommage...","name":"Manon"},{"pos":[],"date":"octobre 2016","lang":"french","neg":"","text":"Nicole est une hôte très aimable! L'appartement est très bien situé, proche du vieux port. Je recommande!","name":"Garance"},{"pos":[],"date":"octobre 2016","lang":"french","neg":"","text":"Descriptif conforme aux photos, l'appartement super, quartier vivant et animé proche d'un secteur culturel (concerts, restos ....) l'accueil de Nicole a été très chaleureux et convivial, je tiens vraiment à la remercier pour sa gentillesse, sa chaleur et surtout sa compréhension !! Nous reviendrons sans hésitation pour de nouvelles aventures. A recommander sans HESITATION !!! Merci BEAUCOUP Nicole. A une prochaine fois avec grand plaisir Armelle","name":"Armelle"},{"pos":[],"date":"août 2016","lang":"french","neg":"","text":"Bon accueil de Nicole et Amine, qui se sont montrés en plus très flexibles par rapport à mon horaire d'arrivée et de départ (Séjour d'une seule nuit). Appartement très sympa, spacieux, agréable et propre. Il est aussi très bien situé dans un quartier très animé. Pratique pour les visites et l'organisation au quotidien. Merci !","name":"Karine"},{"pos":[],"date":"août 2016","lang":"french","neg":"","text":"Merci beaucoup. C'était génial","name":"El Madhoun"},{"pos":[],"date":"juillet 2016","lang":"french","neg":"","text":"Très bon accueil et chambre bien agréable, dans quartier vivant de Marseille. Je recommande!","name":"Caroline"},{"pos":[],"date":"juillet 2016","lang":"french","neg":"","text":"Nicole et Amine sont des Hôtes super gentils, appartement super sympa au coeur de Marseille pas loin du vieux port, très propre...ils m'ont mis tout de suite à l'aise, j'ai passé une agréable nuit!! Merci Nicole et Amine","name":"Leila"},{"pos":[],"date":"juillet 2016","lang":"french","neg":"","text":"Très bonne accueil de Nicole et Amine. Ils ont su répondre à mes questions et sont très accueillants. Ravi d'avoir logé chez eux et le quartier est central et proche de toute commodités.","name":"Pierre"},{"pos":[],"date":"juillet 2016","lang":"french","neg":"","text":"Nous avons été très bien reçu par Nicole. L appartement est très bien localisé et la chambre confortable.","name":"Géry\/Saloua"},{"pos":[],"date":"juin 2016","lang":"french","neg":"","text":"On a passé un voyage magnifique à Marseille avec monsieur et madame Nicole! Ils sont très gentils de nous recommander des choses de faire à Marseille. Le logement est dans le cœur de Marseille, près de vieux port, c'est confortable pour nous de visiter la ville. Et le chambre est confortable aussi.","name":"Lingyu"},{"pos":[],"date":"juin 2016","lang":"french","neg":"","text":"Nous avons beaucoup aimé l'âme de ce quartier populaire et très vivant. Nous avons été accueilli par Amine qui s'est montré très soucieux de notre confort et de la bonne réussite de notre séjour. Nous nous sommes sentis très bien chez Amine et Nicole. Nous reviendrons avec beaucoup de plaisir.","name":"Yves"},{"pos":[],"date":"juin 2016","lang":"french","neg":"","text":"séjour très agréable, les hôtes étaient charmants et le logement idéalement situé entre la gare (à 7 min) et le vieux port (à 3 min) était propre.","name":"Mathieu"},{"pos":[],"date":"juin 2016","lang":"french","neg":"","text":"Super séjour chez Nicole et Amine. Dans un chouette quartier, très bien situé, j'ai pu tout faire à pied. Merci encore à vous deux et à bientôt peut-être !","name":"Ariane"},{"pos":[],"date":"juin 2016","lang":"french","neg":"","text":"Super accueil, Super quartier... Très vivant avec tout a porté de main !!! Au top !!! Je reviendrais ;)","name":"Simon"},{"pos":[],"date":"mai 2016","lang":"french","neg":"quartier peu bruyant","text":"Je n'ai pas eu la chance de rencontrer Nicole et Amine qui n'ont pas pu être présents durant mon séjour, mais nous avons pu échanger quelques messages qui m'ont laissé penser qu'ils étaient très sympathiques, et mon arrivée a été accueillie par un de leurs amis très gentil. Je me suis sentie bienvenue dans leur appartement où tout était bien préparé. L'appartement est très bien placé, le Vieux Port et les transports n'étant pas loin et les commerces non plus. Le seul petit reproche est qu'il est dans un quartier un peu bruyant, mais personnellement cela ne m'a pas dérangé.\n+ Plus","name":"Claire"},{"pos":[],"date":"mai 2016","lang":"french","neg":"","text":"Séjour très agréable avec Nicole et Amine ! Super arrangeante du début jusqu'à la fin : de la réservation jusqu'au moment de partir. Je recommande à 100%. Merci à vous deux !","name":"Elise"},{"pos":[],"date":"mai 2016","lang":"french","neg":"","text":"Nicole et Amine sont agréables et sympathiques. L'appartement était très propre et bien situé ! Nous avons passé un excellent we, je recommande !","name":"Clemence"},{"pos":[],"date":"avril 2016","lang":"french","neg":"","text":"Hôtes très sympa. Bel appartement, très propre. Correspond à la description. Chambre confortable, j'ai très bien dormi.","name":"Kirill"},{"pos":[],"date":"avril 2016","lang":"french","neg":"","text":"Très bon accueil, quartier en centre ville très dynamique et très jolie appartement avec de belles illustrations au mur. Merci pour ce weekend et les cafés qui réveillent! A bientôt, Laetitia","name":"Laetitia"},{"pos":[],"date":"avril 2016","lang":"french","neg":"","text":"J'ai passé un super séjour chez Nicole et Amine. Il m'a très bien accueillie et a été de très bon conseil. Je regrette juste de ne pas être rester plus longtemps dans ce cadre idéal. L'appart est très bien situé en centre et très propre. Amine est très ouvert, j'étais ravie de le rencontrer et d'échanges avec lui. J'espère pouvoir revenir un jour à Marseille :)","name":"Clémence"},{"pos":[],"date":"mars 2016","lang":"french","neg":"","text":"Ce séjour chez Nicole et Amine était parfait. L'appartement est situé à deux pas du Vieux Port et de la gare. Il est spacieux et vraiment joli, la chambre identique aux photos et très spacieuse. Amine qui m'a accueilli a été vraiment attentionné, discret en sympathique. Je ne peux que vous conseiller de passer un séjour chez eux.","name":"Marina"},{"pos":[],"date":"février 2016","lang":"french","neg":"","text":"Absolument super! Amine et Nicole sont très accueillants, je regrette de ne pas avoir pu passer plus de temps avec eux. L'appartement est très chouette, très agréable, situé dans un quartier vivant.","name":"Claire"},{"pos":[],"date":"janvier 2016","lang":"french","neg":"","text":"Appartement agréable. Nicole et son conjoint sont sympathiques et arrangeants pour l'arrivée et le départ.","name":"Jean"},{"pos":[],"date":"janvier 2016","lang":"french","neg":"","text":"Un accueil très chaleureux, chez Nicole et Amine, je me suis senti vraiment bien. Leur appartement est très propre et chambre est conforme à la description. J'ai passé une très bonne soirée avec Nicole et Amine. Merci!!","name":"Haru"},{"pos":[],"date":"décembre 2015","lang":"french","neg":"","text":"Agréable séjour à Marseille. Appartement à 5 min du vieux port. Extra.","name":"Maureen"},{"pos":[],"date":"octobre 2015","lang":"french","neg":"assez bruyante,matin bruit,pas probleme","text":"Nicole a été très disponible pour permettre la récupération des clés. Nous n'avons pu échangé que quelques mots, mais Nicole a été très sympathique. La rue est à proximité du Vieux Port, assez populaire et bruyante, j'ai été étonné par le silence au matin, le bruit n'a finalement pas été un problème pour dormir. L'appartement était très propre.","name":"Fräntz"},{"pos":[],"date":"septembre 2015","lang":"french","neg":"","text":"Nicole et Amine nous ont bien accueillis. Relations spontanément sympathiques. La chambre est conforme à ce qui était annoncée. L'appartement est bien situé dans un quartier cosmopolite. Je m'adresserai probablement à Nicole et Amine si je repasse à Marseille.","name":"Thierry"},{"pos":[],"date":"septembre 2015","lang":"french","neg":"","text":"De passage à Marseille pour une nuit, j'ai été très bien accueilli. La chambre est conforme à sa description, très bien situé pour une visite rapide de la ville :)","name":"Julie"},{"pos":[],"date":"septembre 2015","lang":"french","neg":"","text":"J'ai passé un très court séjour d'a peine 24h chez Nicole et Amine qui étaient très accueillants même si nous nous sommes seulement croisés. L'appartement est bien agencé pour une colocation, a beaucoup de charme et est idéalement situé dans Marseille. Tout s'est très bien passé.","name":"MarineD"},{"pos":[],"date":"juin 2015","lang":"french","neg":"","text":"Appartement tres sympa, quartier bien situé, a quelques minutes a pieds du vieux port, localisation ideale ! Hotes fort sympathiques egalement, je recommande !","name":"Helene"},{"pos":[],"date":"juin 2015","lang":"french","neg":"","text":"c'était tout a fait comme chez des copins","name":"Alain"},{"pos":[],"date":"juin 2015","lang":"french","neg":"","text":"Nicole et Amin sont très sympa! J'ai pas assez mots pour expliquer leurs gentillesse! Nous avons reçu un accueil chaleureux et passer le soirée avec eux. L'appart est bien situé, c'était facile d'aller là de la gare, au port, ou n'importe où.","name":"Heather"},{"pos":[],"date":"avril 2015","lang":"french","neg":"","text":"Très bon séjour passé à Marseille, dans un appartement conforme au descriptif au cœur d'un quartier populaire. Très bien reçu par le conjoint de Nicole.","name":"Nicole"},{"pos":[],"date":"avril 2015","lang":"french","neg":"","text":"Très bel accueil de la part de Nicole et Amine alors que j'avais fait une réservation très tardive . La chambre est très confortable en même temps que très bien située . Un bel endroit pour séjourner à Marseille . (URL HIDDEN)","name":"Jean Pierre"},{"pos":[],"date":"avril 2015","lang":"french","neg":"","text":"très bons hotes, accueillants et amicaux, merci !","name":"David"},{"pos":[],"date":"avril 2015","lang":"french","neg":"","text":"Appartement nickel à moins de 10 min à pieds du vieux port. Très bon accueil de la part des hôtes qui cherchent vraiment que vous soyez à l'aise.","name":"Etienne"},{"pos":[],"date":"mars 2015","lang":"french","neg":"","text":"La chambre est conforme à la description. Très bon accueil. Le quartier est très agréable et vraiment dans le centre. Je recommande.","name":"Marie"},{"pos":[],"date":"février 2015","lang":"french","neg":"","text":"Très sympa. La chambre est propre et correcte. Proche du vieux port.","name":"Jing"},{"pos":[],"date":"janvier 2015","lang":"french","neg":"","text":"J'ai été bien reçue par Nicole et Amine. La chambre est agréable ainsi que le reste. Merci à vous. Petit plus, c'est bien situé, il y a le marché juste en bas de la rue...","name":"Tran"},{"pos":[],"date":"décembre 2014","lang":"french","neg":"","text":"Une nuit calme et tranquille à quelques pas du Vieux Port, très pratique pour un séjour rapide à Marseille. Lit confortable et chambre silencieuse. Merci à Nicole et Amine !","name":"Carla"},{"pos":[],"date":"décembre 2014","lang":"french","neg":"","text":"J'ai été chaleureusement accueilli par Nicole et son compagnon. Ce sont des hôtes eeunes et très sympathiques. Ils ont la chance d'habiter dans un vieux quartier de Marseille qui a \"une âme\" et qui est plein centre. J'ai passé un séjour très agréable. La chambre est super. Quand je reviendrai à Marseille je les recontacterai c'est sûr.","name":"Jean-Pierre"},{"pos":[],"date":"novembre 2014","lang":"french","neg":"","text":"Très bon accueil, lieu sympa, très bon rapport qualité-prix et très bien situé !","name":"Lucas"},{"pos":[],"date":"novembre 2014","lang":"french","neg":"","text":"Un très bon accueil et séjour très conviviale! et un bon café Italien J'espère vous revoir sur Marseille","name":"Oday"},{"pos":[],"date":"novembre 2014","lang":"french","neg":"","text":"Très bon accueil, un super séjour! Appartement propre et la cuisine aussi. Chambre correcte, identique à la photo. Le +: Grande disponibilité des hôtes pour discuter mais aussi en ce qui concerne les horaires et donc le dépôt des bagages, ce qui est vraiment pratique!","name":"Fanny"},{"pos":[],"date":"novembre 2014","lang":"french","neg":"","text":"Mes hôtes ont eu la gentillesse de m'inviter à joindre à eux à l'heure de dîner, très bon ces boulettes de viande ! La chambre est simple et petite mais propre. J'ai passé un bon séjour et je recommande.","name":"Patrick"},{"pos":[],"date":"novembre 2014","lang":"french","neg":"","text":"Un très bon accueil dans un appartement chaleureux - la proximité du port et l'ambiance des petits marchés du quartier ont d'autant plus ajouté à la qualité de notre séjour! La chambre est modeste mais confortable, et présente tout le nécessaire pour se sentir chez soi: petit rangement, miroir, prises électriques, serviettes, etc. Nicole nous a même invités à un petit apéro entre amis, une pensée bien appréciée. Bref, une belle expérience, nous recommandons!","name":"Mathieu"},{"pos":[],"date":"novembre 2014","lang":"french","neg":"","text":"Une chambre simple et jolie chez des hôtes sympas","name":"Raphael"},{"pos":[],"date":"octobre 2014","lang":"french","neg":"","text":"Sejourt très conviviale! J'espère vous revoir sur Marseille","name":"Aurore"},{"pos":[],"date":"juin 2017","lang":"french","neg":"","text":"Très bon accueil, appartement propre et chambre assez spacieuse. Bon emplacement pour visiter Marseille.","name":"Beatrice"},{"pos":[],"date":"avril 2017","lang":"french","neg":"","text":"Très bien accueilli, proche de tout. Séjour parfait pour les petites bourses ! Merci à vous deux pour l'accueil !","name":"Julien"},{"pos":[],"date":"avril 2017","lang":"french","neg":"","text":"La maison se trouve dans un quartier un peu ancien mais très convivial et dynamique ! L'ambiance est exotique ~ Sept minutes de marche pour le vieux port~ En plus Nicole et Amine sont très chaleureux et disponibles pour donner des conseils et aides~","name":"伍"},{"pos":[],"date":"octobre 2016","lang":"french","neg":"","text":"Nicole est très sympathique et m'a guidé pour me déplacer dans la ville. l'endroit était super et au coeur du centre ville.","name":"Roxann"},{"pos":[],"date":"septembre 2016","lang":"french","neg":"","text":"Super logement ! Super hôtes ! Super séjour ! Merci :)","name":"Marie"},{"pos":[],"date":"août 2016","lang":"english","neg":[],"text":"On a ete bien acuilli par Nicole et Co. :) Leur apartement est belle et leur hospitalite tres chalheureux. La seule raison pour laquelle on n'y retournerait pas est a cause du bruit dans la nuit. On n'a pas su qu'il y'aura tant. L'apartement est en face d'un bar bruillant, particuliarement le samedi soir. Encore une fois, cela n'est pas la faute de l'hote, mais rest simplement un fait du location. Marseille est une grande ville et cela est peut-etre typique. En tout cas il nous a fait une experience difficile. Sauf ca, on a beaucoup aime Nicole. On pensait juste d'en faire mention du bruit au cas ou cela aide les autres. Merci, Nicole! ____ We were wonderfully welcomed by Nicole and Co. Their flat is beautiful and their hospitality warm and helpful. The only reason we would not return here is that we weren't aware of how loud the neighborhood is. It's across from a bar which, especially on the Saturday night we arrived upon, made for a sleepless night. Again, this is not the host's fault, but simply a fact of the area. Marseille is a big city and this may be typical but for is it made the stay very difficult. We loved Nicole and the entire experience except for that, but thought we ought to mention it in case noise would be a factor in one's decision. Thanks, Nicole!\n+ Plus","name":"Deanna"},{"pos":[],"date":"avril 2016","lang":"french","neg":"","text":"Super! Le quartier peut désorienter mais le copain de NIcole, Amine, a été très sympa et disponible. La chambre est confortable et prope. Conseillé!","name":"Elisa"},{"pos":[],"date":"avril 2016","lang":"french","neg":"","text":"Malheureusement, je ne savais pas Nicole mais Amine était très attentionné et chaleureux avec tous les détails pour mon séjour. La chambre est spacieux, dispose d'un joli balcon et le lit est confortable. Le quartier est bien situé, au centre et à proximité de la gare de Marseilla.","name":"Raúl"},{"pos":[],"date":"mars 2016","lang":"french","neg":"","text":"Merci pour tout! Nous avons été très à l'aise dans votre maison. Marseille est une ville intéressante, dynamique et charismatique. Merci Amine pour les recommandations et pour rendre notre séjour agréable. À la prochaine! :)","name":"Maria"},{"pos":[],"date":"novembre 2015","lang":"french","neg":"","text":"C'était la deuxième fois pour moi chez les deux. Et c'est sûr que c'était pas la dernière fois. La chambre est parfait et les deux sont trop gentiles. Merci pour l'occasion!","name":"Meret"},{"pos":[],"date":"août 2015","lang":"french","neg":"","text":"On a vraiment savourer mais vraiment savourer notre séjour chez le couple .. Amine est vraiment sympa très généreux et très serviable et a répondu a toutes nos questions.. On a pas eu la chance de discuter avec Nicole mais c'est clair elle était là pour nous d'une manière ou d'une autre .. chambre confortable et très propre, l'appartement est super bien situé a 5 min du vieux port et du centre ville de Marseille ,cartier calme, immeuble propre , vraiment rien à dire sauf que que je le recommande a tout le monde .. et devant tt le monde aussi je tiens a remercier le couple pour tout ce qu'ils ont fait pour nous .. merci bcp Amine et Nicole\n+ Plus","name":"Bassitou"},{"pos":[],"date":"juin 2015","lang":"french","neg":"info wifi","text":"Un seul mot: Impeccable. Tout était très bien. Rien à améliorer. Le mari de Nicole à été très rapide à répondre à toutes mes questions. Sur place ils ont été impeccablement chaleureux et accueillants. Tout était très propre et bien organisé. Carte de la ville, du métro et info du WiFi sur le mur, serviette de bain, etc. Emplacement très adéquat. Bref, je n'aurai pas souhaité mieux. Meilleur rapport qualité prix assuré. Un seul regret, j'aurai aimé avoir plus de temps pour échanger davantage avec ses hôtes. Merci infiniment.","name":"Mylene"},{"pos":[],"date":"avril 2015","lang":"french","neg":"ta disposition quelconque","text":"La chambre chez Nicole est idéale: elle est grande et très bien située. Nicole et Amine sont des hôtes très accueillants. Ils te laissent ton intimité tout en étant à ta disposition pour quelconque question ;-).","name":"Erika"},{"pos":[],"date":"avril 2015","lang":"french","neg":"","text":"On est arrivé un peu en retard, nos hôtes nous attendaient et nous ont offert à boire. La chambre était comme dans la description, simple, mais calme, et on dort bien sur le matelas. Enfin, l'appartement est très bien situé, vraiment à 2 pas du vieux port !","name":"Jérémy"},{"pos":[],"date":"mars 2015","lang":"french","neg":"","text":"Merci pour cet accueil très agréable. Je me suis sentie comme dans un nid après des journées intenses de formation. Le quartier est vivant, agréable et à 10 minutes du vieux port.","name":"Emmanuelle"},{"pos":[],"date":"février 2015","lang":"french","neg":"","text":"On a jamais vu Nicole mais son mari s'est occupé de nous. Il etait assez gentil et disponible. L'appartement est situé bien au centre, tres facile pour se deplacer. . La chambre est tout simplement comme dans la photo, vu le prix vous avez tout ce dont vous avez besoin pour un sejour court.","name":"Jasmin"},{"pos":[],"date":"décembre 2014","lang":"french","neg":"","text":"Hôtes sympathiques et attentifs. La chambre correspond tout à fait à la description et est située à moins de 10 min à pied du vieux port. A conseiller pour les petits budgets !","name":"Isabelle"},{"pos":[],"date":"novembre 2014","lang":"french","neg":"","text":"Quartier vivant, accueil très sympa. Chambre correcte, appart propre. Bonne adresse au cœur de Marseille. J'ai passe une très chouette soirée avec eux et leurs amis. Merci","name":"Jérôme"},{"pos":[],"date":"avril 2017","lang":"english","neg":[],"text":"Wonderful room in a very central location. Nicole et Amine were excellent hosts!","name":"Stuart"},{"pos":[],"date":"avril 2017","lang":"english","neg":[],"text":"Great couple. Great flat. Perfect if you want an authentic experience in Marseille city center.","name":"Emir"},{"pos":[],"date":"mai 2015","lang":"english","neg":[],"text":"Nicole and Amine are really helpful, friendly and relax. We felt very comfortable at their appartment. It was easy to reach Nicole and set an arrival time, she was flexible. Nicole welcomed us and showed the room and the appartment. The room is just as in the pictures, tidy, clean and has the essentials. The mattress was comfortable. The appartment is close to the old port, metro and bar&restaurant area on the south of the flat. At night when I was walking back to flat, I felt a bit insecure but there was no problem at all. I would strongly recommend Nicole's place\n+ Plus","name":"Deniz"},{"pos":[],"date":"mars 2015","lang":"french","neg":"","text":"La maison est vraiment jolie est propre !! On peut faire le tourism à pie. すごくキレイでインテリアの素敵なおうちです。","name":"Kaori"},{"pos":[],"date":"novembre 2014","lang":"english","neg":[],"text":"Room and apatment cute and well located, my boyfriend and I spent a nice week end in Marseille, enjoying the sun. Unfortunatelly we didn't meet the hosts but the first day, 'cause we were out all day long walking around. They are cool guys for sure, even though we didn't appreaciate too much the careless noise when they came home in the middle of the night and the dirty kitchen that didn't allow us to cook.","name":"Dil"},{"pos":[],"date":"juin 2017","lang":"english","neg":[],"text":"This location represents a wonderfully rich mosaic of cultures just a few short steps from all the stores and shops. The tram is one block away, and all of the action in the port is a mere five minute walk from the apartment.","name":"Steven"},{"pos":[],"date":"juin 2017","lang":"english","neg":[],"text":"Great place to stay. The flat is clean and comfortable, with very friendly hosts who provide prompt communication. The neighborhood surrounding the flat is very interesting as well, lively and colorful with a perspective of Marseille that feels authentic. Would highly recommend staying here!","name":"Amrit"},{"pos":[],"date":"mai 2017","lang":"english","neg":[],"text":"Nicole is a very nice and outcoming person, communication was excellent and a early check in for me could be arranged, which I was very thankful for. I really liked the flair of the flat and room too. The street Nicole lives in is very central and well connected, you can get fantastic oriental food there. Only thing one should be aware of, is that it is very loud also during evening and early nighttime as the window goes out in the direction of the street. nyways, I had a great experience there.","name":"Marta"},{"pos":[],"date":"mai 2017","lang":"english","neg":[],"text":"Great stay with Nicole and Amine. Check-in instructions were clear and timely. Flat is clean and nicely decorated. Great location only ~10 minutes from train station. Very close to old port and Notre Dame as well. Amine fixed me a coffee and we had a nice chat my first night there. Room is very comfortable.","name":"J. Adam"},{"pos":[],"date":"avril 2017","lang":"english","neg":[],"text":"Great host! Sweet place to sleep at and see marseille in the day time :)","name":"Victoria"},{"pos":[],"date":"avril 2017","lang":"english","neg":[],"text":"Highly recommended! Nicole is very friendly! Great place to stay!","name":"Maurice"},{"pos":[],"date":"avril 2017","lang":"english","neg":[],"text":"Very intersting location. Nicole and Amine have been nice and welcoming. The house as well is very nice.","name":"Rossella"},{"pos":[],"date":"avril 2017","lang":"english","neg":[],"text":"Nicole's place was very clean, comfortable, and welcoming. We had a great time while we were in Marseille.","name":"Reed"},{"pos":[],"date":"avril 2017","lang":"english","neg":[],"text":"The location was great. Just 10 minutes walk to the old port.","name":"Chris"},{"pos":[],"date":"avril 2017","lang":"english","neg":[],"text":"Nicole and Amine are really friendly and nice. It was a pleasure staying at their place. The house is clean and well located, in the heart of the real Marseille close to cours julien, the best place for the nightlife! I really recommend this place for the position and for the atmosphere! Nicole e Amine sono stati gentilissimi. Una coppia alla mano e molto simpatica. La casa è pulita e centrale, nel cuore della vera Marsiglia multiculturale, a due passi dalla vita notturna di cours julien. Consiglio vivamente di soggiornarne qui!","name":"Claudia"},{"pos":[],"date":"mars 2017","lang":"english","neg":[],"text":"This place is fantastic. Super close to the old port, notre dame and to so many shops. The hosts are super friendly and welcome you into their home","name":"Jasmine"},{"pos":[],"date":"novembre 2016","lang":"english","neg":[],"text":"It was a very nice stay in beautiful apartment, thank you Nicole:) Room is located near Cours Julien - perfect place to enjoy Marseilles streetart and nightlife. It is also in close walking distance to all historic buildings and other tourist places.","name":"Jindřich"},{"pos":[],"date":"octobre 2016","lang":"english","neg":[],"text":"Amin and Nicole are very welcoming people. If you stay at their place, bring a sleep mask and oropax. The window has no curtains and the street lamp goes on and off every 30 seconds. Unfortunately I had to work the next morning and thus could not participate in a get together they hosted which lasted until early Wednesday morning. The flat was clean and if I'd brought said items I would certainly have enjoyed my stay","name":"Carolin"},{"pos":[],"date":"octobre 2016","lang":"english","neg":[],"text":"A huge thank you to Nicole for the meeting and a pleasant atmosphere. This is a very convenient place in the city.","name":"Sergei"},{"pos":[],"date":"octobre 2016","lang":"english","neg":[],"text":"It was excellent. The room and flat are clean and filled with great posters. Amin was kind enough to let me in at 11pm. The neighbourhood is vibrant and multicultural and you will have a great time exploring the cafes just below the flat. I Hope to be back!","name":"Ashwin And Sneha"},{"pos":[],"date":"septembre 2016","lang":"english","neg":[],"text":"Nicole is amazing and her family as well ^^ the flat is 5 mins from the old port on foot, good located to publuc transport and with nice bars nearby. Thank you for good experience in Marseille =)","name":"Анастасия"},{"pos":[],"date":"septembre 2016","lang":"english","neg":[],"text":"Very nice host, cleaned house in the most interesting part of Marseille, plus... close to the station. It couldn't have been better.","name":"Morgan"},{"pos":[],"date":"août 2016","lang":"english","neg":[],"text":"Nicole is very helpful, making it as easy as possible for me to find the location of the apartment.","name":"Becky"},{"pos":[],"date":"août 2016","lang":"english","neg":[],"text":"Nicole and her husband were very welcoming, communication was very easy before arrival and they even agreed for us to drop off our stuff in the morning as we took an early flight into Marseille. The place is cosy and perfectly located - everything is within walking distance! But, beware the neighbourhood gets noisy at night (the hosts even provide earplugs! ;) ). Thanks, Nicole!","name":"Dorota"},{"pos":[],"date":"août 2016","lang":"english","neg":[],"text":"staying at Nicole's was perfect: the house is very nice and clean, the position is wonderful for visiting Marseille just walking and Nicole and Amin are very kind and friendly. thanx!","name":"Massimiliano"},{"pos":[],"date":"août 2016","lang":"english","neg":[],"text":"Nicole and her husband were great hosts. I can't complain about anything. The apartment and my room were clean and was very grateful to wash my clothes. The apartment is located in centre. Very close to the Port Vieux and the train station. The only thing guests should be aware of is that it can get quite noisy in the evening and night.","name":"Philipp"},{"pos":[],"date":"août 2016","lang":"english","neg":[],"text":"The accomodation was very homely and tidy, the hosts were friendly and cooperative. All in all I really enjoyed the Trip and my residence in their home.","name":"Alessa"},{"pos":[],"date":"juin 2016","lang":"english","neg":[],"text":"We had a great stay with Nicole. friendly people that made everything easy with a nice apartment in a good spot in town.","name":"Giles"},{"pos":[],"date":"mai 2016","lang":"english","neg":[],"text":"Nicole and her husband, Ameen, are truly the best hosts ever! They were very kind and accommodating during my 4-day stay. We had some wonderful conversations as well! (We spoke in Spanish and some English). They were very sweet, and gave me ideas of what to do in Marseille, and what the city was like. I also have dietary restrictions (Celiac), so it is very difficult for me to find food I can eat. So, one night, they shared with me a fantastic, meal (I brought the wine)! They are really cool. I would definitely stay with them again!","name":"Zeffy"},{"pos":[],"date":"mars 2016","lang":"english","neg":[],"text":"Nicol is an very nice person helpful and a great host. The flat is in a central area of the city. Reach the vieux port is very easy.","name":"Maria Rita"},{"pos":[],"date":"novembre 2015","lang":"english","neg":[],"text":"They were super nice , room was clean and location really good ❤️ I truly recommend this place","name":"Gvantsa"},{"pos":[],"date":"septembre 2015","lang":"english","neg":[],"text":"Nicole and Amine are a very friendly couple who would do anything to help, and they made me feel very welcome. The room really is situated \"au coeur de Marseille\". The neighbourhood is very lively and the Vieux Port (old harbour), La Canibière (the main strip),St Charles (Marseille Central) Station are all within walking distance. The room itself is a nice and spacious with a comfortable double bed. Perfect for a stay in Marseille\/Provence.","name":"David"},{"pos":[],"date":"août 2015","lang":"english","neg":[],"text":"Nicole was very sweet and welcoming. We couldn't find the apartment at first and called her right away. She came down and helped us with our luggage. The building does not have any elevators. The lights were broken in the hall so we had to use our flashlights on our phone to see. Nicole was helpful when we first arrived, she helped me carry my luggage to her apartment. The room was very cozy. She had the map of Marseille available. Wifi was great. She provided towels for us as well. The location of the apartment was close to alot of things (markets, banks, shopping, View Port, restaurants). Overall, great stay. Made our experience in Marseille memorable! Highly recommend!!\n+ Plus","name":"Angela"},{"pos":[],"date":"août 2015","lang":"english","neg":[],"text":"It's a pity that we didn't see Nicole, but her friend let us in a flat and everything was fine. The flat is very nice in a perfect place near harbor. We absolutely recommend this flat for everybody:)","name":"Paulius"},{"pos":[],"date":"juillet 2015","lang":"english","neg":[],"text":"The flat was extremely near to the train station! Nicole was there to receive me and she and her family were really friendly.","name":"Chong"},{"pos":[],"date":"mai 2015","lang":"english","neg":[],"text":"I had an amazing time with Nicole and her family and friends. They were warm and inviting and kept offering me things to eat and drink. The neighborhood seemed a bit dubious at first but the actual apartment is clean and tidy. Good location near the harbour.","name":"Li Hsia"},{"pos":[],"date":"mai 2015","lang":"english","neg":[],"text":"I have stayed at the lovely, friendly and helpful Nicole and Amine's apartment for the past two days. I am very grateful that I have found this place in the last minute to stay in Marseille. It's right in the city, 6 minutes to walk to Vieux Port. You never get bored here! Thanks again Nicole and Amine! :)","name":"Mandy"},{"pos":[],"date":"avril 2015","lang":"english","neg":[],"text":"Nicole and Amine are really nice hosts, they are both very relaxed and easy going. The apartment is located in the heart of a nice neighbourhood full of life in walking distance of the main train station and the port. The room is simple but contains everything one needs. It was a really nice stay with lovely hosts!","name":"Stephanie"},{"pos":[],"date":"mars 2015","lang":"english","neg":[],"text":"Thank you for our great stay in Marseille, it's a pity we didn't get to talk more. Nicole & Amine are nice people, very open-minded and friendly. We had a great time.","name":"Lilly"},{"pos":[],"date":"mars 2015","lang":"english","neg":[],"text":"Nicole and Amine were very gracious hosts. I felt very at home in their apartment. They were quick to respond to my messages and made it easy for me to arrive and get into the apartment with no problems. The bathroom (toilet) is quite small, but it didn't bother me at all. The room is just like it looks in the photo—very simple, but just what I needed. The location is easily accessible by foot from the train station (about a 15 minute walk), and just a few minutes' walk from the nearest Metro station. The neighborhood looks sketchy because of all the graffiti, but I felt safe and had no troubles. I would highly recommend staying here if you're looking for a simple place to stay with very friendly and accommodating hosts.\n+ Plus","name":"Adam"},{"pos":[],"date":"décembre 2014","lang":"english","neg":[],"text":"Nicole and her boyfried are nice, welcoming and helpful. We had a great time at their house. The flat is located in a central street of Marseille that is full of life from early morning to late evening. Our room was tidy and of a good size, the matrass is comfortable. The hosts invited us the use their kitchen and offered towels. They were open to conversation and gave tips on Marseille. After we had missed a train out of Marseille they allowed us to stay one more night without any problems. We liked our stay at Nicoles house and would come again. Thank you for your hospitality.\n+ Plus","name":"Michel"},{"pos":[],"date":"décembre 2014","lang":"english","neg":[],"text":"Really nice people, really nice place, and good location. I don't have anything bad to say about my stay here! I was well received and comfortable.","name":"Pavel"},{"pos":[],"date":"novembre 2014","lang":"english","neg":[],"text":"Nicole was very pleasant and flexible with the arrival time. Place was clean and the location near a metro station.","name":"Kimberly"},{"pos":[],"date":"novembre 2014","lang":"english","neg":[],"text":"my experience was great..Nicole is an attentive and a fine host. the room was as listed and the area is great and was super convenient to visit the centre of Marseille. I recommend this house for sure ;)","name":"Claudia"}],"p_emplacement":4.5,"id":33,"p_qualite-prix":4.5,"p_communication":5}