{"productTitle":"rate_me","p_precision":4.5,"nbReviews":82,"p_proprete":5,"resume":"","p_arrivee":5,"p_averageRanking":4.9166666666667,"p_productTitle":"rate_me","reviews":[{"pos":[],"date":"juin 2017","lang":"french","neg":"","text":"Isabelle m'a accueilli chez elle pendant une nuit. La proximité de son appartement avec la gare et le vieux port sont très appréciables,le quartier est calme et la chambre plutôt confortable.","name":"Bérangère"},{"pos":[],"date":"juin 2017","lang":"french","neg":"","text":"Isabelle est d'une très grande gentillesse, elle sait accueillir et met à l'aise, nous nous sommes bien senti chez elle. Nous avons la chance de l'avoir comme hôte et d'arriver à Marseille avec de bonnes indications pour trouver le logement. Elle nous a également donné les bons plans pour optimiser notre court séjour d'une journée pour visiter la ville. L'appartement est très propre. Merci pour cette belle rencontre au plaisir de se revoir au gré d'une future venue sur Marseille.","name":"Betty"},{"pos":[],"date":"mai 2017","lang":"french","neg":"","text":"N'hésitez pas ! Allez en toute confiance chez Isabelle ! Son logement est petit mais son cœur est grand ! Elle vous recevra les bras grand ouverts dans son espace de vie d'un quartier pas très riche, mais bien situé pour visiter Marseille... Isabelle vous fera vite oublier les 3 étages à gravir pour atteindre son nid douillet et clair grâce aux conseils éclairés qu'elle ne manquera pas de vous donner !","name":"Jean-Louis"},{"pos":[],"date":"mai 2017","lang":"french","neg":"","text":"Isabelle nous a très bien reçu. C est une femme qui a le coeur sur la main et de belles qualités humaines. Son logement est impeccable, proche de la gare, calme. On peut aller à pied au vieux port. On reviendra ;-)","name":"Sandrine"},{"pos":[],"date":"mai 2017","lang":"french","neg":"pas cher","text":"il est basique , pas cher et bien situe .","name":"Eric"},{"pos":[],"date":"mai 2017","lang":"french","neg":"","text":"Très bon accueil de la part d'Isabelle qui a pu nous donner des indications précises afin de trouver le logement à notre sortie de la gare. La chambre est fidèle à la description qui en est faite. Logement propre, draps et literie propres, très bien situé, à 5 minutes à pied du centre ville et de la gare St Charles. Isabelle a pu nous apporter des informations et conseils sur les visites et lieux de restaurations dans Marseille. Elle a été une hôte très agréable et accueillante, ce qui nous a permis de passer un agréable séjour dans son logement. Elle s'est montrée disponible et nous a offert le petit déjeuner les deux matinées où nous étions à son appartement. Nous recommandons vivement son logement et n'hésiterons pas à revenir.\n+ Plus","name":"Marine"},{"pos":[],"date":"mai 2017","lang":"french","neg":"","text":"Isabelle est gentille et la chambre est propre, on a passé un très bon séjour ici.","name":"Dongxu"},{"pos":[],"date":"mai 2017","lang":"french","neg":"","text":"Proche de la gare, chambre calme, Isabelle nous met à l'aise dès le début. A recommander","name":"Philippe"},{"pos":[],"date":"avril 2017","lang":"french","neg":"","text":"J'ai passé une excellente semaine chez Isabelle !! A deux pas de la gare Saint Charles !! Hôte sympathique accueillante et disponible !!! A bientôt pour un autre séjour à Marseille ! ! Merci !!","name":"Mathias"},{"pos":[],"date":"avril 2017","lang":"french","neg":"","text":"Appartement très bien tenu, chambre qui donne sur une cour calme, Isabelle est une hôtesse super sympathique qui fait tout pour que votre séjour se passe bien. Merci à elle pour son accueil chaleureux. Elle habite tout près de la gare et pas très loin à pied du vieux port ce qui est appréciable lorsqu'on débarque à Marseille par le car ou le train. je recommande vivement ce logement chez Isabelle !","name":"Claire"},{"pos":[],"date":"avril 2017","lang":"french","neg":"","text":"Je vous recommande fortement Isabelle est très gentille et c'est très bien recevoir. Elle vous met à l'aise et vous avez votre intimité dans votre chambre doté d'une moustiquaire très pratique. J'ai bcp apprécié j'y retourne donc la semaine prochaine. :)","name":"Alexia"},{"pos":[],"date":"avril 2017","lang":"french","neg":"","text":"Isabelle est très gentille ! Elle prépare le petit-déjeuner pour moi même si c'est 5:30 du matin! Une expérience inoubliable!","name":"嘉利"},{"pos":[],"date":"avril 2017","lang":"french","neg":"","text":"Pour ceux qui viennent à Marseille ,endroit très bien situé,Isabelle est trèschaleureuse. Je vous recommandecet endroit.","name":"Jacqueline"},{"pos":[],"date":"mars 2017","lang":"french","neg":"","text":"Isabelle est une personne très agreable qui sait recevoir. Le logement est bien situé (a proximité des transports, commerces et restaurants). Je reviendrai volontier :D","name":"Zeyneb"},{"pos":[],"date":"mars 2017","lang":"french","neg":"","text":"Isabelle et super réactif sur le site, et par sms c'est du coup un vrai plaisir d'organiser sont voyage. Petit déjeuner sympathique et conviviale le matin. un logement agréable, en plein centre ville et très calme, que demander de mieux quand on sort d'un long voyage...","name":"Alexis"},{"pos":[],"date":"mars 2017","lang":"french","neg":"","text":"tres proche de la gare, accueil chaleureux et la chambre bien propre. recommande à tous le monde merci Isabelle !","name":"Amélie"},{"pos":[],"date":"mars 2017","lang":"french","neg":"","text":"nous avons etait très bien accueilli avec mon ami très bonne hospitalité rien a dire je recommande","name":"Gugur"},{"pos":[],"date":"février 2017","lang":"french","neg":"","text":"J ai été accueillie très chaleureusement par Isabelle chez qui j ai passe une nuit e notre deux trains , j ai tres bien dormi et, malgré mon départ matinal, Isabelle m a préparé très gentiment un petit déjeuner.","name":"Marie Christine"},{"pos":[],"date":"février 2017","lang":"french","neg":"","text":"Hospitalité et générosité ne sont pas des vains mots pour Isabelle, qui vous accueille dans son joli appartement, lumineux et calme. Ce fut une belle rencontre avec une belle personne ! Merci encore Isabelle :)","name":"Anne"},{"pos":[],"date":"février 2017","lang":"french","neg":"","text":"Logement propre et personne accueillante. Je recommande!","name":"Julie"},{"pos":[],"date":"février 2017","lang":"french","neg":"","text":"Très bon séjour. Merci à Isabelle","name":"Florian"},{"pos":[],"date":"novembre 2016","lang":"french","neg":"","text":"Isabelle est très accueillante et d'une grande gentillesse. Elle est aux petits soins pour les gens qui dorment chez elle. Merci Isabelle !!! Loris","name":"David"},{"pos":[],"date":"novembre 2016","lang":"french","neg":"","text":"Un accueil très chaleureux de la part d'Isabelle.","name":"Christine"},{"pos":[],"date":"novembre 2016","lang":"french","neg":"","text":"Je remercie Isabelle du fond du coeur car elle a tout mis en place pour m'être agréable, disponible et à l'écoute... Vraiment une belle rencontre. Merci Isabelle pour cette humanité.","name":"Pascale"},{"pos":[],"date":"novembre 2016","lang":"french","neg":"","text":"Logement très bien situé en plein centre. L'accueil d'Isabelle est simple et très agréable.","name":"Ghislain"},{"pos":[],"date":"novembre 2016","lang":"french","neg":"","text":"Merci Isabelle pour cet accueil chaleureux je recommande :)","name":"Arnaud"},{"pos":[],"date":"novembre 2016","lang":"french","neg":"","text":"quartier atypique,mais appartement calme proche de la gare et du vieux port","name":"Dominique"},{"pos":[],"date":"novembre 2016","lang":"french","neg":"","text":"Isabelle est une hôte accueillante et très sympathique. Elle a été disponible pour me recevoir à l'heure qui me convenait. La chambre est très propre","name":"Valérie"},{"pos":[],"date":"octobre 2016","lang":"french","neg":"","text":"Hôtesse sympathique . Accueil agréable. Proche de la gare, dans un quartier populaire et coloré, mais calme malgré tout. Logement modeste, mais propre et bien tenu. Rapport qualité\/prix excellent.","name":"Jean"},{"pos":[],"date":"octobre 2016","lang":"french","neg":"","text":"Chambre au calme avec vue sur cour et jardin, logement simple à l'étage avec accès par grand escalier, bien situé tout près entre gare St Charles et vieux port. Bon accueil, Isabelle est bien agréable avec de bons conseils. Bon rapport qualité prix.","name":"Laurent"},{"pos":[],"date":"octobre 2016","lang":"french","neg":"","text":"Isabelle est très accueillante et disponible. La chambre qu'elle met à notre disposition est calme. Tout s'est bien passé. Merci Isabelle","name":"Dominique"},{"pos":[],"date":"octobre 2016","lang":"french","neg":"","text":"Le logement est très bien situé par rapport à la gare et au centre ville de Marseille, on peut tout faire à pied ! Isabelle est très sympa et très arrangeante. Nous avons été très bien accueillis et recommandons vivement !!","name":"Andréa"},{"pos":[],"date":"octobre 2016","lang":"french","neg":"","text":"Mon séjour avec Isabelle était incroyable du début à la fin. Je suis Américaine et j'étais nouveau en France et Isabelle est allé bien au-delà pour aider me sentir à l'aise et prêt à vivre en France sur le mien. L'appartement est situé très près de la gare, et Isabelle m'a envoyé des excellents directions quand je suis arrivé. L'endroit était exactement comme les photos et il était très propre, équipé, et charmant. Dans l'ensemble, j'ai eu un super séjour à Marseille à ce Airbnb, et je le recommande à quelqu'un qui a besoin d'un endroit pour rester à Marseille.\n+ Plus","name":"Laura"},{"pos":[],"date":"septembre 2016","lang":"french","neg":"pouvez compter probleme","text":"Super accueil d'Isabelle sur qui vous pouvez compter sans problème, appartement rénové en excellent état, petit dej au top... Merci et à bientôt peut être ;)","name":"Cyril"},{"pos":[],"date":"août 2016","lang":"french","neg":"","text":"Isabelle est une très gentille hôte. Elle nous accueille très chaleureux. On a discuté beaucoup quand nous sont arrivées chez elle. De plus, la chambre est très jolie et spacieux. Si j'ai une occasion de revenir à Marseilles, je vais rester chez Isabelle. Je la recommande(^ω^)","name":"Thi Bao Ngan"},{"pos":[],"date":"juillet 2016","lang":"french","neg":"","text":"Mon séjour chez Isabelle s'est super bien déroulé, même si je ne suis resté qu'une nuit j'en garderai un très bon souvenir . En effet, des le début elle m'a indiqué et guidé de la gare pour la rejoindre, elle m'a très vite donné des conseils pour visiter le maximum de choses en si peu de temps. Nous avons beaucoup discuté dans la soirée et c'est avec un grand bonheur que j'ai pu découvrir Isabelle, une femme chaleureuse, accueillante et avec qui on peut facilement échanger sur beaucoup de sujets ! Concernant son appartement, il est super ! la chambre est très confortable, et le logement est très bien situé, à quelques minutes du vieux port et au pied de la gare . Un séjour parfait que je ne peux que recommander. Merci Isabelle =)\n+ Plus","name":"Jessy"},{"pos":[],"date":"juin 2016","lang":"french","neg":"","text":"Bonne adresse , très bien placé géographiquement, à quelques minutes de la gare. Vieux Port accecible rapidement à pied.Endroit très chaleureux. Isabelle est d'une grande gentillesse. Alors que notre train était en retard et que nous devions partir vers le stade, elle est directement venu nous apporter les clés en gare et s'est occupé de nos affaires. À refaire sans hésitation.","name":"Guillaume"},{"pos":[],"date":"juin 2016","lang":"french","neg":"","text":"L'accueil d'Isabelle était parfait! Son appartement est très calme, dans un quartier assez animé, et très proche de la gare Saint Charles, ce qui était idéal pour moi qui arrivait tard par le train. Bonnes discussions et accueil chaleureux. Encore merci Isabelle! Et particulièrement pour la serviette qui m'a bien servie!","name":"Elodie"},{"pos":[],"date":"juin 2016","lang":"french","neg":"","text":"Isabelle est très accueillante et arrangeante et l'appartement est très près de la gare ce qui est bien pratique cependant on ne se sent pas à l'aise dans ce quartier.","name":"Helene"},{"pos":[],"date":"juin 2016","lang":"french","neg":"","text":"Un accueil super chaleureux par Isabelle ! Un logement propre et bien tenu !! Que du bonheur !","name":"Evelyne"},{"pos":[],"date":"mai 2016","lang":"french","neg":"","text":"Accueil très chaleureux. L'hôte s'est rendu disponible face à nos questions et à nos attentes. La description est comme la réalité.","name":"Koumba"},{"pos":[],"date":"avril 2016","lang":"french","neg":"","text":"Appartement parfait a 5 minutes de la gare avec une hôte extra, super gentille, très sociable et disponible Je vous conseil de vous y arrêter Lors de vos passages a Marseille croyez moi vous serai ravi de se séjour chez isabelle","name":"Julie"},{"pos":[],"date":"avril 2016","lang":"french","neg":"","text":"J'ai passé un super séjour de trois jour chez Isabelle. Elle est ultra réactive à tous les messages et réponds rapidement. Elle m'a super bien accueillit (plan et conseil pour voir marseille). D'autre part, Isabelle est extrêmement tolérante vis à vis de ses occupants. L'appartement est très spacieux, calme et lumineux, la chambre dispose des même atouts. La salle de bain est confortable et le petit déjeuner préparé par les soins d'Isabelle font de cet hébergement un lieu de charme plus que recommendable pour un séjour à Marseille. Encore merci pour tout Isabelle et peut être à une prochaine.\n+ Plus","name":"Clément"},{"pos":[],"date":"avril 2016","lang":"french","neg":"","text":"j'étais très contente quand je restait chez isabelle !La chambre est située très convenable près du vieux port et les autres points.Isabelle est très gentille,elle me donne un carte de Marseille et me donne les (URL HIDDEN) me passe une bonne vacances !merci à Isabelle !","name":"Bin"},{"pos":[],"date":"mars 2016","lang":"french","neg":"","text":"Merci à Isabelle pour son accueil très chaleureux et sympathique. Elle s'est rendue disponible et s'est adaptée à nos contraintes de transport. Nous nous sommes sentis à l'aise en sa compagnie. La population cosmopolite de la rue contraste avec le calme qui règne dans l'appartement. La chambre donne sur un jardin privatif. Elle est confortable et attenante à la salle de bains.","name":"Philippe"},{"pos":[],"date":"mars 2016","lang":"french","neg":"","text":"Isabelle était super et gentille. L'appartement est petit mais tellement agréable. Parfait pour un court séjour à Marseille !","name":"Zoë"},{"pos":[],"date":"mars 2016","lang":"french","neg":"","text":"La propriétaire est vraiment gentille, et elle fait le petit-déjeuner pour moi. Elle m'aide aussi de prendre les valises à la gare. Mais dans la rue il y a beaucoup d'hommes qui ont l'air un peu mal, même s'ils ne font pas mal aux filles, on doit aussi faire vraiment attention.","name":"Gao"},{"pos":[],"date":"mars 2016","lang":"french","neg":"","text":"Mon fils et moi ont passés 2 nuits chez Isabelle qui était très accueillante dans son appartement propre et sympha! Si je reviens à Marseille je choisirait sans hésiter la même chambre chez elle!","name":"Jascha"},{"pos":[],"date":"mars 2017","lang":"french","neg":"","text":"Très bien située, la chambre se trouve à 5 minutes à pied de la gare et à 10 minutes du vieux-port. La communication avec Isabelle est très facile et elle demeure disponible pour répondre à toutes tes questions","name":"Jérémie"},{"pos":[],"date":"mars 2017","lang":"french","neg":"","text":"Isabelle est adorable et très accueillante, la chambre très calme, le lit très confortable ! À peine à 5 minutes à pied de la gare St-Charles : parfait pour se reposer entre deux vols, deux trains... ou simplement, pour découvrir un peu Marseille, relax.","name":"Camille"},{"pos":[],"date":"octobre 2016","lang":"french","neg":"","text":"Isabelle est une belle femme avec un bon sens de l'humour et de bon goût musical. Au début, elle a aidé à naviguer dans la ville. La chambre était confortable et propre. Chaque matin, elle cuit le petit déjeuner et était agréable compagnie.","name":"Ayan"},{"pos":[],"date":"septembre 2016","lang":"french","neg":"","text":"Super séjour !! Sincèrement l hôte représente tout ce qu'on attend d'un AirbnB. Super sympa, accueillante, aux petits soins, beaucoup de sujets de discussions ! Nous avons adoré notre séjour !! On s'est senti comme à la maison. Nous recommandons évidemment ce logement qui est également très bien situé puisque seulement 5-6 minutes à pied du port de Marseille !","name":"Sallefranque"},{"pos":[],"date":"juin 2016","lang":"french","neg":"","text":"Un séjour agréable dans un logement paisible entre la gare et le vieux port. L'hôte était agréable, sympathique et ouverte d'esprit. Elle s'adapte aux besoins des visiteurs et fait part de ses connaissances du milieu et de ses expériences. Elle était continuellement disponible à répondre à nos questions.","name":"Alexy"},{"pos":[],"date":"juin 2016","lang":"french","neg":"","text":"Tout d'abord, point de vue technique, l'appartement est situé très près de tout (vieux port, centre, canebière, etc), donc très vivant! Il est aussi très propre. Mais, surtout, ce qui nous a le plus touché, c'est l'amabilité d'Isabelle. Nous nous sommes sentis comme si nous vivions chez de la famille. Isabelle est très gentille, toujours à l'écoute et il est très intéressant d'échanger avec elle. Nous y retournerons sans aucun doute lorsque nous reviendrons à Marseille!","name":"Miguel"},{"pos":[],"date":"avril 2016","lang":"french","neg":"","text":"Isabelle est très sympathique, et nous avons réussi à avoir des discussions malgré mon simples français. La chambre était propre, avec un lit très confortable. Elle a fait le petit déjeuner pour nous aussi! Marseille is a beautiful place, and the apartment is well connected to the transport system. DO make it a point to have a good meal of fish, and visit Cassis! Isabelle provided us with a few maps too.","name":"Kimberley"},{"pos":[],"date":"avril 2016","lang":"french","neg":"","text":"La maison est très confortable et propre. Mais surtout l'accueil est marveilleuse. Isabelle est une personne si gentille, douce et bienveillante. Elle a été très disponible à tous mes besoins. Absolument recommandé!","name":"Camilla"},{"pos":[],"date":"mars 2016","lang":"english","neg":[],"text":"Comfortable and clean room. Friendly host. Strongly recommend!","name":"Zhao"},{"pos":[],"date":"mai 2017","lang":"english","neg":[],"text":"Isabella was a very nice and communicative host.","name":"Laura"},{"pos":[],"date":"janvier 2017","lang":"english","neg":[],"text":"I had a great stay at Isabelle's. The checkin and out process was quick and easy. The apartment is very clean and well-kept. The location is very good for walking to all o f tourist sights in Marseille. Isabelle was very friendly and enjoyable to talk to, as well as very helpful in pointing out great places to go. Would gladly stay again.","name":"Jack"},{"pos":[],"date":"mai 2017","lang":"english","neg":[],"text":"Isabelle is an amazing host, always going the extra mile. Check in was quick and she was able to give tips on places to go. The house was clean and comfortable. Isabelle even made us breakfast each morning and had very good communication! Such a good location, 5 mins away from the train station and 10 mins from the boats and a bit further down was the beach! Really enjoyed my visit with Isabelle 5* definitely recommend her as a host and her location! Just such a lovely lady, she went above and beyond. Merci beaucoup Isabelle!\n+ Plus","name":"Sabina"},{"pos":[],"date":"mai 2017","lang":"english","neg":[],"text":"Isabella is a very nice lady, she prepared a very clear note to guide us from train station. And her house is very near train station, 5 minutes walk! The location is close to old port and tram, bus station. Quite a few restaurants and supermarkets on the way to old port. She also prepared our breakfast, the best bread and coffee I have ever had in France! The room is clean and quite, all the facilities are very good, reminds me of home. Even though she cannot speak English, we still can communicate with each other with (SENSITIVE CONTENTS HIDDEN). In all, it's a nice and pleasant stay with her. Highly recommend!! :)\n+ Plus","name":"Xiaoyu"},{"pos":[],"date":"mai 2017","lang":"english","neg":[],"text":"We would write this in French but there really are few words to describe how much we loved staying with Isabelle. And French isn't our first language! We were welcomed warmly, had lovely coffee mornings with our host, and were given suggestions of the best places to visit in Marseille. The town is someplace we've always wanted to see, and we so appreciated having a great place to stay. Overall, the apartment was clean, easy to get to from Le Gare St. Charles, and walkable to all the wonderful markets and hikes Marseille has to offer. Both of us have some French skills, which made communications a lot easier. Otherwise, we were able to have great conversations and understand Isabelle very well. Truly, she loves people and is a terrific host. Please stay with her!\n+ Plus","name":"Owen"},{"pos":[],"date":"mai 2017","lang":"english","neg":[],"text":"Isabelle is a wonderful person. She made me breakfast all days and also she went out with me in the first morning to present the city and some interesting things to do. But..the neighbourhood isn't good. She sleeps on the couch with her boyfriend and at the time I was there, they used to fight too much (That's the bad part). The apartment is nice and close to the St Charles station and also it is close to the old port.","name":"Émillie"},{"pos":[],"date":"avril 2017","lang":"english","neg":[],"text":"Isabelle is friendly and helpful.She doesn't speak English,but there is always (SENSITIVE CONTENTS HIDDEN) translate!She is located 5 mins from the station and 10 mins from the old port in the N African bit of town,surrounded by cheap and good patisseries and couscous restaurants.","name":"Iain"},{"pos":[],"date":"avril 2017","lang":"english","neg":[],"text":"Isabelle's spacious apartment is super conveniently located - 5 mins walk to and from the Marseille St Charles SCNF train station, 10 mins walk to the port, and plenty of restaurants, tea shops, etc just a few steps away. She is a very lovely lady, and although she doesn't speak English nor do I French, we got along just fine with the help of (SENSITIVE CONTENTS HIDDEN) translate! Highly recommended, especially for those who are planning on making day trips out of Marseille!","name":"Charmaine"},{"pos":[],"date":"décembre 2016","lang":"english","neg":[],"text":"Staying with Isabelle was an absolute delight. I spoke very little French and she with English but together we made it work. She was a very kind hostess and made me breakfast daily (tea and French pastries of course) and she gave me a map that told me the main tourist attractions and the simplest route to get there. I was feeling sick while there and the room had a very comfortable bed to help me relax and get better. Isabelle's house has a fantastic location as it is central to the tourist attractions: Port, Longchamp palace, various churches and walking distance to the Notre damn. Everything was less than a km walk to each with her apartment in the centre. For women there are a lot of men in Marseille, which can be very intimidating but Isabelle's apartment was like a haven. Thank you Isabelle for the lovely stay.\n+ Plus","name":"Genevieve"},{"pos":[],"date":"décembre 2016","lang":"english","neg":[],"text":"Isabelle is a very classy woman. I connected with her even with my limited knowledge of French. She is very down to earth and honest. She provided tea and breakfast and gave me tips on where to visit in Marseille. We had nice conversations. She was quite lovely. I learned on my travels who your host is really makes your stay. She gave me her room and she slept on her couch in the living room. The room I stayed in was very calm and peaceful with big windows. The bed was quite large and comfortable. It was perfect for winding down. Her whole space was very clean and her bath had hot water. A little heads up, the place is on the 3rd floor and there are 6 flights of stairs with no elevator. The area is right in front a major train station and close to a university. There's an abundance of food and cafes in the area even at night.\n+ Plus","name":"Sharon"},{"pos":[],"date":"octobre 2016","lang":"english","neg":[],"text":"In fact i been, well received and welcomed by isabelle Basically she make my first airbnb stay, wonderful.. Start with big smile and ends with a more big one.. Isabelle was all the time smiley and helpful, she received me with big welcoming and greeting, the accomadation was nice clean and sunny. my bedroom simply was perfect, so clean organised and has the bathroom on my privacy control.. I can't forget the bed sheet, beautiful flowery good smell and that made my shut eyes like i'm resting in lavender gardens.. The morning breakfast, was delicious and healthy with marseillaise french touch of course! Additional isabelle, on check-out next day has help me a lot for founding tickets for going to nice and monaco, furthermore adresse me where i can go and promenade in marseille, and region.. I would really love to come back again to her place, that i deeply recommended to all.. Dear \"tata isabelle\" i loved the way how you treat and render my first stay, totally succeed and fantastic at all levels -Abdellah-\n+ Plus","name":"Abdellah"},{"pos":[],"date":"septembre 2016","lang":"english","neg":[],"text":"Isabelle's Airbnb -chamber calm Gare St Charles was all a good airBnB Can offer. Directions were clear . Isabelle there to welcome , friendly& v helpful . Room& facilities were comfortable & v clean \/ all was depicted as in pics Very close to Gare StCharles. Highly recommended","name":"Elizabeth"},{"pos":[],"date":"septembre 2016","lang":"english","neg":[],"text":"Isabelle was a great host. I only spoke english so Isabelle made sure her english speaking friend was there to help with introductions and then they walked us through the streets to show us the lay of the land, which was excellent! We also had a great conversation via (SENSITIVE CONTENTS HIDDEN) Translate :) We were just passing through Marseille but the apartment was very well located and handy to everything. We enjoyed our stay with Isabelle -thanks for hosting us!","name":"Jamie"},{"pos":[],"date":"août 2016","lang":"english","neg":[],"text":"Isabelle's welcome was warm and inviting and she provided me with maps to explore the city. I was only in Marseille for one evening so only had time for a quick trip to the Old Port area. The location is a short walk from the St. Charles train station and a short walk to the Old Port, so very convenient. The accommodations were clean and secure and offered insight into the regular life of Marseille residents, which is important for people wanting to experience more than the inside of a hotel room. I would happily return to Isabelle's.","name":"Laurel"},{"pos":[],"date":"août 2016","lang":"english","neg":[],"text":"Isabelle's house is very cozy and clean, spacious bedroom and the bed comfortable. Isabelle prepares a good breakfast for the guests, it was a pleasant surprise. She is a very lovely and nice person, kind and very friendly, made us feel like friends, we talked a lot and was beautiful. We hope to meet again. absolutely we recommend the Isabelle room and its generous hospitality.","name":"Herika"},{"pos":[],"date":"août 2016","lang":"english","neg":[],"text":"Isabelle is a generous hostess.I felt very welcome. Her place is ideally situated right between station St Charles and the old port. Highly recommended!","name":"Patrick"},{"pos":[],"date":"août 2016","lang":"english","neg":[],"text":"Excellent in every way. A perfect stay. Isabelle is so kind and helpful and hospitable. It's a great location. An ideal choice. I look forward to returning. Book now!!","name":"Stephen"},{"pos":[],"date":"juillet 2016","lang":"english","neg":[],"text":"Isabelle is very welcoming and helpful! She is the perfect host-- she showed us around to her favorite parts of the city, brought us to a good, cheap place for dinner, and made us breakfast. Isabelle is awesome!! The apartment itself was really nice as well-- clean and spacious. The neighborhood had a lot of men (and no women) milling about, which was a little strange and made me feel a little nervous.","name":"Grace"},{"pos":[],"date":"juillet 2016","lang":"english","neg":[],"text":"My stay with Isabelle was great - she was very welcoming and met me from the train station (it's not far, but this was a nice touch when arriving in a new city). The room was lovely, I slept really well and enjoyed our breakfasts together in the morning - great coffee!! Isabelle was a friendly and chatty host (I definitely improved my French whilst there!) and showed me some interesting bits of Marseille that I would not have stumbled across otherwise.","name":"Louise"},{"pos":[],"date":"juillet 2016","lang":"english","neg":[],"text":"The host canceled this reservation 3 days before arrival. This is an automated posting.","name":"Timm"},{"pos":[],"date":"juillet 2016","lang":"english","neg":[],"text":"This flat is good location near train station and very clean and comfortable. Isabelle is a very friendly host. Highly recommended.","name":"Denise"},{"pos":[],"date":"juin 2016","lang":"english","neg":[],"text":"isabelle's place, same as her, was charming. great location, nice room, good amenities. though only stayed there one night is was a pleasure!","name":"Bilu"},{"pos":[],"date":"mai 2016","lang":"english","neg":[],"text":"Our experience was fantastic with Isabelle. She was very accommodating and picked us up from the train station. Our French isn't very good so there was a bit of a language barrier but we made it work. She also made breakfast which was a very nice gesture. Her place is conveniently located near the train station.","name":"Sam"},{"pos":[],"date":"mai 2016","lang":"english","neg":[],"text":"Isabelle met us at the train station. She was the only host to do that on our vacation and that was very nice. Her apartment is in a good location and we felt comfortable in the neighborhood. Isabelle's place is very clean. It was nice having coffee and tea with her.","name":"Denise"},{"pos":[],"date":"mai 2016","lang":"english","neg":[],"text":"Isabelle is so damn good! She deserves to be a superhost! She treats you like family not a guest. Right from picking me up from Gare de Saint Charles and dropping me back till the airport shuttle or the lovely leaving lunch she treated me to- not once did I feel that I was miles away from home. I even got to meet her son Salim who was very helpful as well. She is very kind and the room is very comfortable and conveniently located. Bear in mind there's no elevator like in all old Parisian apartments so be prepared if you've got big luggage cases. But Isabelle will definitely win my vote for the best host ever, hands down!\n+ Plus","name":"Shweta"}],"p_emplacement":5,"id":35,"p_qualite-prix":5,"p_communication":5}