{"productTitle":"rate_me","p_precision":5,"nbReviews":37,"p_proprete":5,"resume":"","p_arrivee":5,"p_averageRanking":4.9166666666667,"p_productTitle":"rate_me","reviews":[{"pos":[],"date":"juin 2017","lang":"french","neg":"beaucoup bruit","text":"Quartier populaire. Coin cuisine et sanitaires privés appréciables. Beaucoup de bruit des voisins qui vivent la porte de pallier ouverte, prévoir les bouchons d oreille. Drap et serviette fournis mais pas de couverts\/verre\/tasse. Pas de rideau ou volet donc prévoir un masque pour dormir.","name":"Elise"},{"pos":[],"date":"juin 2017","lang":"french","neg":"bruit","text":"Très rudimentaire mais rapport qualité prix ok Proximité métro top Proximité bruit voisin moins top Jonathan a été très précis, courtois et arrangeant sur l'horaire d'arrivée","name":"Jean-François"},{"pos":[],"date":"juin 2017","lang":"french","neg":"","text":"Appartement idéal pour court séjour.","name":"Florian"},{"pos":[],"date":"juin 2017","lang":"french","neg":"tv wifi","text":"Studio assez spacieux au final et conforme aux descriptions. Parfaitement adapté au voyageur solitaire pour un court séjour sur la capitale. Attention pas de TV ni de wifi pour les accroc de la com.","name":"Guillaume"},{"pos":[],"date":"mai 2017","lang":"french","neg":"","text":"Bon séjour en général. Merci Jonathan pour la possibilité de rester dans ton logement.","name":"Romain"},{"pos":[],"date":"mai 2017","lang":"french","neg":"","text":"Logement conforme à la description. Le quartier craint pour une femme seule, ou du moins on ne s'y sent pas à l'aise. Juste, le voisin de la chambre d'à côté qui écoute une musique tous les matins à 5h du matin... Aucun respect. Dans l'ensemble ça reste correct pour ce prix.","name":"Mélanie"},{"pos":[],"date":"mai 2017","lang":"french","neg":"","text":"À ce prix il Ne faut pas Demander la lune . Johanattan eSt sympa et ponctuel . Il manque des ustensiles de cuisine sinon la plaque de cuisson serre à rien . Je reviendrai","name":"Stephane"},{"pos":[],"date":"mai 2017","lang":"french","neg":"","text":"Logement fonctionnel et bien situé pour escale temporaire mais travaux : chantier avec vue plongeante sur la salle de bains #ilnefautpasetrepudique #adieuintimite","name":"Clemence"},{"pos":[],"date":"mai 2017","lang":"french","neg":"","text":"Très mauvaise nuit à cause des travaux juste devant les fenêtres du logement, de plus aucune intimité car pas de rideaux et les ouvriers étaient devant les fenêtres toute la journée dont celle de la salle de douche\/toilettes.","name":"Clara"},{"pos":[],"date":"mai 2017","lang":"french","neg":"","text":"appartement très pratique pour passer une nuit sur Paris. Accueil très agréable. Merci","name":"Linda"},{"pos":[],"date":"mai 2017","lang":"french","neg":"","text":"Petit appartement fonctionnel, très bien placé proche des transports en commun, quartier animé, propriétaire sympathique et réactif. Parfait pour un court séjour.","name":"Agnes"},{"pos":[],"date":"avril 2017","lang":"french","neg":"","text":"Logement parfait dans un quartier très animé et proche des transports en commun. Hôte accueillant et disponible. Je recommande.","name":"Franck"},{"pos":[],"date":"mars 2017","lang":"french","neg":"","text":"Ideal pour visiteur(ou visiteuse) seul(e) court sejour dans un quartier très animé. Logement fidel a la description; hote accueillant et disponible. Je recommande.","name":"Dimitri"},{"pos":[],"date":"mars 2017","lang":"french","neg":"","text":"Petit studio parfait pour moi, de passage pour une nuit. Jonathan s'est adapté à mes contraintes, arrivée tardive un dimanche. Merci.","name":"Benjamin"},{"pos":[],"date":"mars 2017","lang":"french","neg":"","text":"Petit prix et emplacement idéal pour une déserte via le métro dans tout Paris Je conseille le cinéma le louxour juste à côté et la terrasse de son bar !","name":"Etienne"},{"pos":[],"date":"mars 2017","lang":"french","neg":"","text":"Idéal pour une personne, très proche du métro. Très bon séjour","name":"Joanne"},{"pos":[],"date":"mars 2017","lang":"french","neg":"","text":"Merci JONATHAN pour les infos précises et un bon séjour .","name":"Coralie"},{"pos":[],"date":"février 2017","lang":"french","neg":"","text":"Si vous voulez une immersion dans un quartier animé de Paris, c'est le bon endroit. Cela dit, on est au calme et le lit est confortable. De plus il y a une assez jolie vue sur les toits de Paris et soleil qui rentre dans la chambre le matin...","name":"Nicolas"},{"pos":[],"date":"mai 2017","lang":"french","neg":"","text":"Appartement très bien situé, en face du métro et très proche de la gare du nord. Il est conforme à la description bon rapport qualité prix.","name":"Imène"},{"pos":[],"date":"avril 2017","lang":"french","neg":"","text":"Assez central pour se déplacer à paris et bonne qualité prix","name":"Cem"},{"pos":[],"date":"février 2017","lang":"french","neg":"","text":"prés des stations","name":"Mehdi"},{"pos":[],"date":"juin 2017","lang":"english","neg":[],"text":"Well located small studio near Montmartre and many other attractions. Small but clean studio, fits the description from the host. Worth the money paid.","name":"Tuan"},{"pos":[],"date":"mai 2017","lang":"english","neg":[],"text":"Small private place good for budget traveler. The worst thing was having to carry luggage up about 120 steps as there was no escalator. I would not stay again due to that reason but if you don't mind the exercise, I recommend.","name":"Tiffany"},{"pos":[],"date":"mai 2017","lang":"english","neg":[],"text":"Is an option if you cannot afford a better place, but not recommended for a single girl or if you have a big luggage.","name":"Kendy"},{"pos":[],"date":"avril 2017","lang":"english","neg":[],"text":"Excellent communication. The area doesn't feel that friendly at night but it's perfectly located for the stations. If you need to be central and don't have much cash, this is a good option.","name":"Hannah"},{"pos":[],"date":"avril 2017","lang":"english","neg":[],"text":"Very friendly and quick to answer messages. Room was bigger than expected and well kept. Also very close to Gare du Nord so very convenient.","name":"Kara"},{"pos":[],"date":"avril 2017","lang":"english","neg":[],"text":"The apartment itself was fine, basic but pretty clean and what I needed in my situation. Jonathan communicated well and I appreciated that there was for example soap in the bathroom, but it might have been good to have even just one drinking glass in the kitchen - no need for anything complex but just a couple of basics. Anyway I was a little surprised in the morning because, long before my checkout time, somebody turned a key in the lock to the apartment and actually opened the door. I had the chain on the door, the person saw me and then left. I have no idea who it was but I was then uneasy and left. I would just warn you about this because if it had happened during the night it would have been very difficult. So I would just urge caution - I have never had this happen in an airbnb before so I feel I can't leave a good review for this apartment.\n+ Plus","name":"Olivia"},{"pos":[],"date":"avril 2017","lang":"english","neg":[],"text":"The location and price are excellent. It's a six-floor walk up in a non-bougie part of Paris, which I prefer, and you can easily walk or Metro everywhere.","name":"David"},{"pos":[],"date":"avril 2017","lang":"english","neg":[],"text":"Great accommodation if you're taking a short trip and are on a budget.","name":"Max"},{"pos":[],"date":"avril 2017","lang":"english","neg":[],"text":"Clean, cheap and convenient as per last time.","name":"Gabriel"},{"pos":[],"date":"avril 2017","lang":"english","neg":[],"text":"Jonathan was helpful and always answered at my requests. I didn't bother him much because the place is central and from the station you can reach easily every location. For the price is a good place. Bed is cozy. Small private apartment with all you need. Place is on the 6th floor and you have no elevator (not a problem to me). If you are a girl, you might not like the location: is beside the station and by night is not nice to walk by. But if you are used to big cities, is fine.","name":"Astrid"},{"pos":[],"date":"mars 2017","lang":"english","neg":[],"text":"You get what you pay for. If you want to enjoy your stay, just pay for more.","name":"Kellie"},{"pos":[],"date":"mars 2017","lang":"english","neg":[],"text":"Clean, simple , quiet and well lit. Comfy bed. A good budget alternative to a dorm. To use the kitchen you'll need to bring your own things.","name":"Gabriel"},{"pos":[],"date":"mars 2017","lang":"english","neg":[],"text":"Super great location and place to stay! Other than not having wifi, this place was perfect!","name":"Samantha"},{"pos":[],"date":"mars 2017","lang":"english","neg":[],"text":"Perfectly located, small apartment but all that one needs as a base camp for a few nights in Paris. Thanks!","name":"Jack"},{"pos":[],"date":"mars 2017","lang":"english","neg":[],"text":"Easy accessible, ok for the price.","name":"Laetitia"},{"pos":[],"date":"février 2017","lang":"english","neg":[],"text":"Jonathans place was nice. It was clean and close to the metro station. Its good if you need a place to crash for the night. Merci !","name":"Daniel"}],"p_emplacement":5,"id":47,"p_qualite-prix":4.5,"p_communication":5}