{"productTitle":"rate_me","p_precision":4.5,"nbReviews":219,"p_proprete":4.5,"resume":"","p_arrivee":5,"p_averageRanking":4.6666666666667,"p_productTitle":"rate_me","reviews":[{"pos":[],"lang":"french","name":"Marie Elisabeth","neg":"","text":"Marie est très accueillante et fait le maximum pour rendre le séjour agréable. Le logement est original et sympathique. Prenez soin de contacter Marie avant votre séjour pour savoir où stationner.","date":"mai 2017"},{"pos":[],"lang":"french","name":"Christophe","neg":"","text":"Tout est parfait. Marie est aux petits soins. Le petit déjeuner est top. Mais ne réservez pas trop car nous voulons revenir.","date":"mai 2017"},{"pos":[],"lang":"french","name":"Mathilde","neg":"","text":"Chambre très propre et très calme, ambiance chaleureuse, et très bon accueil de Marie. Nous y avons passe un excellent séjour!","date":"mai 2017"},{"pos":[],"lang":"french","name":"Anna-Laura","neg":"","text":"Super accueil, excellent petit-déjeuner, très belle chambre!","date":"avril 2017"},{"pos":[],"lang":"french","name":"Thierry","neg":"","text":"C'est la seconde fois que je séjourne chez Marie et nous sommes toujours aussi bien reçu, la chambre est magnifique et tes bien située. Je vous recommande très vivement ! Tiery","date":"avril 2017"},{"pos":[],"lang":"french","name":"Aurélie","neg":"","text":"Marie est une hôtesse attentionnée. La chambre est un charmeur petit nid. Les photos correspondent parfaitement au lieu. Je recommande !","date":"avril 2017"},{"pos":[],"lang":"french","name":"Stephane","neg":"","text":"je vous souhaite d'avoir la chance de sejourner chez Marie !","date":"avril 2017"},{"pos":[],"lang":"french","name":"Laurie","neg":"","text":"Nous avons passé un excellent moment. Merci Marie pour votre accueil et surtout les croissants qui sortaient du four ;-)","date":"avril 2017"},{"pos":[],"lang":"french","name":"Muriel","neg":"","text":"Nous avons passé un beau moment à Orléans. Tout était réuni pour faire de notre séjour un excellent souvenir. Merci Marie pour votre accueil.","date":"avril 2017"},{"pos":[],"lang":"french","name":"Cécile","neg":"","text":"La suite privative est conforme en tout point au descriptif et la propriétaire est très chaleureuse. Le petit déjeuner est très varié et ravira tous les goûts. À réserver sans hésiter!","date":"avril 2017"},{"pos":[],"lang":"french","name":"Caroline","neg":"","text":"La maison est bien situé. La chambre est parfaite, un vrai nid douillé. Et cerise sur le gâteau, Marie est une excellente hôte!!","date":"avril 2017"},{"pos":[],"lang":"french","name":"Thierry","neg":"","text":"Marie est une hôte particulièrement accueillante qui nous a parfaitement conseillé pour découvrir Orléans. La chambre est très agréable et parfaitement aménagée dans un quartier calme, proche du centre. Une adresse superbe pour un séjour à Orléans.","date":"avril 2017"},{"pos":[],"lang":"french","name":"Gilles","neg":"","text":"Un havre de paix que je recommande. Très bien situé, inutile de prendre la voiture pour aller au centre ville (5' à pied). L’accueil de Marie est très chaleureux. Je recommande vivement.","date":"avril 2017"},{"pos":[],"lang":"french","name":"Camille","neg":"","text":"La suite est conforme à la description, c'est propre, très bien décoré et Marie est très accueillante. Le logement est bien placé, idéale pour se promener au bord de la Loire jusqu'au centre ville. Je recommande à 100% ce logement !","date":"avril 2017"},{"pos":[],"lang":"french","name":"Odile","neg":"","text":"Endroit charmant et reposant, et très propre. Tout près des bords de Loire et du centre ville. Avec en plus la gentillesse de l'accueil de Marie. Je recommande l'endroit.","date":"avril 2017"},{"pos":[],"lang":"french","name":"Géraldine","neg":"","text":"Marie est souriante, accueillante et fait tout ce qu'elle peut pour que ses hôtes se sentent bien... LA chambre est très belle, totalement indépendante et à proximité du coeur de ville.","date":"mars 2017"},{"pos":[],"lang":"french","name":"Charlotte","neg":"","text":"Excellent séjour chez Marie, la petite suite privative est très propre et pratique, située à moins de 10 min à pied de la cathédrale. Marie est charmante et attentionnée, et le petit déjeuner qu'elle prépare est parfait! Je recommande donc sans hésiter!","date":"mars 2017"},{"pos":[],"lang":"french","name":"Camille","neg":"","text":"Accueil sympathique, appartement bien situé ( nous avons tout fait à pied) et petit déjeuner ****","date":"février 2017"},{"pos":[],"lang":"french","name":"Elise","neg":"","text":"Une petite suite ultra cosy dans quartier très calme. Parfait pour un petit week end en amoureux. Tout est faisable à pied ! un petit déjeuner au top avec une hôte aux petits soins et très sympathique ! allez y sans hésiter","date":"février 2017"},{"pos":[],"lang":"french","name":"Eric & Marie-Claude","neg":"","text":"Prestation de qualité, accueil chaleureux. Chambre cosy, décoration raffinée comme une chambre d'amis. Hôtesse au petits soins pour ses hôtes. Petit déjeuner complet américain. À ne pas manquer si vous passez par Orléans centre.","date":"février 2017"},{"pos":[],"lang":"french","name":"Didier","neg":"","text":"Logement cosy. Doit être super l'été de déjeuner dehors dans la cour et ses plantes. Très indépendant accueil chaleureux et discret. A recommander.","date":"février 2017"},{"pos":[],"lang":"french","name":"Isabelle","neg":"","text":"Quoi ajouter à 200 et quelques commentaires positifs ? Accueil et cadre chaleureux et de qualité à proximité du centre, un délicieux petit-déjeuner,... une étape gravée dans nos tablettes. Isabelle","date":"février 2017"},{"pos":[],"lang":"french","name":"Antoine","neg":"","text":"Jolie adresse, chambre de pierre et de bois pour une escapade romantique au calme, petit déjeuner parfait, accueil très vivant de Marie !","date":"janvier 2017"},{"pos":[],"lang":"french","name":"Nicolas","neg":"","text":"Très bien pour une escapade à deux à Orléans, la suite est tout à fait conforme à l'annonce.","date":"décembre 2016"},{"pos":[],"lang":"french","name":"Gautier","neg":"","text":"chercher pas plus loin c'est top","date":"décembre 2016"},{"pos":[],"lang":"french","name":"Thierry","neg":"","text":"Nous avons été très bien reçus par Marie. La chambre et la salle de bain sont très bien, vous pourrez avoir accès à la court intérieure si vous venez en saison. Le petit déjeuner est tres copieux. Marie est très arrangeante et sympathique et vous serez situés tout près du centre ville et de la Loire. Bref nous vous recommandons de séjourner chez Marie.","date":"décembre 2016"},{"pos":[],"lang":"french","name":"Caroline","neg":"","text":"Chambre agréable et propre. Marie est une hôte très accueillante.","date":"novembre 2016"},{"pos":[],"lang":"french","name":"Marilyne","neg":"","text":"rien à dire ,si ce n est un très bon accueil, gentillesse et douceur,et chambre privative impeccable et décorée avec goût.","date":"novembre 2016"},{"pos":[],"lang":"french","name":"Elisa","neg":"","text":"Excellents moments chez Marie, chaque détail est mis en oeuvre pour que l'on se sente parfaitement bien : déco, confort, petit déjeuner, renseignements. On reviendra avec plaisir aux beaux jours.","date":"novembre 2016"},{"pos":[],"lang":"french","name":"Romain","neg":"","text":"Très bon week-end chez Marie! Bien placé jolie et des petits dej' au top! Je recommande et j'espère y retourner bientôt!","date":"octobre 2016"},{"pos":[],"lang":"french","name":"Morgane-Robin","neg":"","text":"Très bon week end a orlean, Marie est très accueillante à notre écoute, et surtout à nos petit soin je recommande sans hésiter et pense même réserver d'ici peu :) la chambre et très belle et nous avons passer une merveilleuse nuit très bien dormi. Encore merci pour tout à marie ;)","date":"octobre 2016"},{"pos":[],"lang":"french","name":"Olivier","neg":"","text":"Très bon accueil, aux petits soins!","date":"octobre 2016"},{"pos":[],"lang":"french","name":"Lucile","neg":"","text":"Marie est très accueillante, la chambre privative est superbe et très bien décorée: tout à fait conforme à ce qui est décrit dans l'annonce. Je serais ravie de retourner chez Marie. De plus nous nous sommes régalés au petit déjeuner! Très bonne première expérience !","date":"octobre 2016"},{"pos":[],"lang":"french","name":"Julie","neg":"wifi","text":"Excellent accueil, bonne localisation, chambre tres bien décorée et authentique. Petit déjeuner tres bien, seul le wifi n'est pas tres puissant mais ce n'est qu'un détail:)","date":"octobre 2016"},{"pos":[],"lang":"french","name":"Anne-Lise","neg":"","text":"Marie est une hôte aux petits soins. Tout est préparé généreusement pour notre confort, impeccable. Si je devais revenir à Orléans, et de surcroît en couple, sans hésiter je réserverais à nouveau ce nid!","date":"octobre 2016"},{"pos":[],"lang":"french","name":"Loïc","neg":"","text":"Chambre privative très agréable. Super décoration, cohérente. Endroit très cosy. Senteur agéable. Salle de douche pratique avec toutes les commodités nécessaires. Marie est très accueillante et de bons conseils si besoin d'info sur le quartier ou la ville. Place très calme j'ai très bien dormis. Marie offre un peitit déjeuner digne de l'hotellerie. Je recommande donc cet endroit. Loïc.","date":"octobre 2016"},{"pos":[],"lang":"french","name":"Marie","neg":"","text":"Très bon accueil, Belle chambre et salle de bain, Petit déjeuner très complet ! Séjour parfait ! Je recommande !","date":"septembre 2016"},{"pos":[],"lang":"french","name":"Sylvain","neg":"","text":"Parfaite et jolie chambre privée avec SdB en parfait état (douche neuve). Marie a été à notre écoute dès notre arrivée. La communication était simple et utile par sms avant notre arrivée à Orléans. Merci encore pour l'accueil est les petites attentions à notre égard (petite dej au top !) A recommander pour une ou plusieurs nuits à 2.","date":"septembre 2016"},{"pos":[],"lang":"french","name":"Yaelle","neg":"","text":"Très bon séjour à Orleans. Une petite chambre au calme dans une cours privée à la deco soignée et agréable. En prime un petit déjeuner très copieux et très bon. Nous y retournerons lors de notre prochain séjour à Orleans.","date":"septembre 2016"},{"pos":[],"lang":"french","name":"Justine","neg":"","text":"Marie est une hôte géniale qui à tout fait pour que notre séjour se passe au mieux ! La chambre est très bien agencée même si le matelas est un peu dur. La petite salle de bain est très appréciable","date":"septembre 2016"},{"pos":[],"lang":"french","name":"Viviane","neg":"","text":"Arrivés plus tôt que prévu Marie etait présente pour nous accueillir. le logement conforme aux photos ne nous a pas déçu (un véritable petit nid d ' amour) quant à MARIE les discusions sont allées bon train cette personne est faite pour accueillir. Ses conseils (visites, restos et ballades) nous ont ete tres precieux! Et alors les petits déjeuners hyper complets avec confitures maison sont un regal!!! Aux voyageurs qui passent à Orleans aucune hésitation il faut aller chez Marie!","date":"septembre 2016"},{"pos":[],"lang":"french","name":"Benoît","neg":"","text":"Très bien dans l'ensemble. Une seule petite réserve : pas de porte aux WC ,un simple rideau.","date":"septembre 2016"},{"pos":[],"lang":"french","name":"Benjamin","neg":"","text":"Petit logement très charmant et cosy. Emplacement idéal et très calme. Une hôtesse très sympathique et accueillante et, cerise sur le gâteau, un petit déjeuner digne des meilleurs hôtels.","date":"août 2016"},{"pos":[],"lang":"french","name":"Stephane","neg":"","text":"Marie nous à accueillie comme il se doit dans cette petite chambre très cosie qui n'a rien à envier d'une chambre d’hôtel. Toutes les commodités sont présente, il y avait la place pour y mettre un lit parapluie pour notre fille. Le petit déjeuner est un régal et rien n'y manque. La terrasse nous a même permis de nous détendre après 5 heures de routes et une visite des quais de la Loire juste à coté. Merci et à bientôt","date":"août 2016"},{"pos":[],"lang":"french","name":"André","neg":"","text":"Vraiment un bonheur, cette petite chambre....Trés cosy et ayant du caractère, accueil sympathique de Marie, petit déjeuner excellent dans le patiot et tout ceci à deux pas du centre ville et de la Loire de plus le quartier est calme. De la rue, on s'imagines pas un tel endroit ! Je recommande ce point chute !","date":"août 2016"},{"pos":[],"lang":"french","name":"Aurélie","neg":"","text":"Merci à vous deux de ce gentil commentaire qui me va droit au coeur !","date":"août 2016"},{"pos":[],"lang":"french","name":"Silvia","neg":"","text":"Très bon séjour chez Marie ! La chambre est magnifique et le petit déjeuner est royal ! Marie nous a très bien accueillis et nous a donné de bons conseils. On est très proche du centre ville. Nous recommandons!","date":"août 2016"},{"pos":[],"lang":"french","name":"Jérémie","neg":"","text":"Marie nous a accueilli parfaitement! Elle nous a donné les informations nécessaires et n'a pas hésiter à tout faire pour nous mettre à l'aise. La chambre était juste magnifique, très lounge, on sent bien que Marie aime recevoir des personnes. Le confort etait au rendez vous! Le petit déjeuner était plus que généreux! Le meilleur Airbnb que j'ai eu jusque ici!","date":"août 2016"},{"pos":[],"lang":"french","name":"Dominique","neg":"","text":"Super séjour dans la suite privée de Marie, rien ne manque, tout est parfait, petit déjeuner compris","date":"juillet 2016"},{"pos":[],"lang":"french","name":"Bérengère","neg":"","text":"Logement vraiment agréable, près du centre d'Orléan, idéal pour visiter. Marie a été très accueillante. Le petit déjeuné était royale ! A faire et à refaire.","date":"juillet 2016"},{"pos":[],"lang":"french","name":"Dominique","neg":"","text":"Préparation conforme à nos attentes, réception par Marie trés agréable. La chambre était trés agréable et bien tenue, le petit boudoir à côté de la SDB était accueillant et la SDB au top avec la douche. Le petit-déjeuner était largement supérieur à ce que peuvent offrir certains hôtels de chaîne... Si nous retournons à Orléans ce sera avec plaisir de relouer à cet endroit. Merci Marie.","date":"juillet 2016"},{"pos":[],"lang":"french","name":"Amandine","neg":"","text":"Accueil super chaleureux ! Appartement très confortable, très proche de la Loire dans un cadre idyllique. Quartier très agréable à visiter. Super mini séjour chez Marie, tout était parfait ! Highly recommanded ! Merci encore pour tout :)","date":"juillet 2016"},{"pos":[],"lang":"french","name":"Xavier","neg":"","text":"Très bon accueil. Logement conforme aux photos, propre et décoré avec goût. Petit déjeuner copieux. Situation géographique idéale, à 10 mn du centre ville et 5 mn du bord de Loire. Marie est une personne charmante, humaine et très attentionnée. Nous garderons de Marie et de notre séjour un très bon souvenir. Et pourquoi pas, une autre fois... (y'a des chances !!!)... Sandrine et Xavier (POMMES)","date":"juillet 2016"},{"pos":[],"lang":"french","name":"Frederique","neg":"","text":"Un grand merci à Marie pour son accueil et ses conseils pour découvrir Orléans. Nous avons passé un excellent week-end!","date":"juillet 2016"},{"pos":[],"lang":"french","name":"Emilie","neg":"","text":"Accueil très chaleureux de Marie qui sait vous mettre à l'aise en étant à la fois discrète et disponible. Super petit déjeuner, chambre charmante et confortable! Rien à redire! Ah si: \" Merci Marie\"!","date":"juin 2016"},{"pos":[],"lang":"french","name":"Cécile","neg":"","text":"Très bel endroit, déco soignée, emplacement idéal. Très calme (sur cour). Bons conseils de Marie pour découvrir Orléans et ses environs. Petit déjeuner complet. Très sympa pour un week-end en amoureux.","date":"juin 2016"},{"pos":[],"lang":"french","name":"Eloïse","neg":"","text":"Très bien. Le logement était très agréable, propre, calme et fidèle aux photos. Notre hôte Marie est très sympathique et de bon conseil concernant la visite de la ville. Bon petit déjeuner, nous avons passer un bon moment. Éloïse et Alexandre","date":"juin 2016"},{"pos":[],"lang":"french","name":"Michele","neg":"","text":"Si la météo n'avait pas été celle d'un mois de novembre (!), ce petit passage à Orléans aurait été une parfaite réussite! Un accueil et un endroit à la hauteur de ce qui nous était promis! Mais un séjour trop court, alors à refaire! Merci Marie.","date":"juin 2016"},{"pos":[],"lang":"french","name":"Sabrina","neg":"","text":"Marie est une femme adorable qui sait recevoir ses hôtes avec douceur et discrétion. Sa petite suite cachée du temps au coeur des battement de la ville est un coin de paradis où l'on se retrouve en sécurité et dans la beauté. La prestation est bien supérieur au prix demandé mais Marie est une femme généreuse qui ne lèse pas les gens et qui fait passer avant tout les rapports humains. Un très grand merci à Marie pour ce moment privilégié. A très vite","date":"juin 2016"},{"pos":[],"lang":"french","name":"Romain","neg":"","text":"Merci beaucoup Sabrina, votre commentaire me touche beaucoup !","date":"juin 2016"},{"pos":[],"lang":"french","name":"Alain","neg":"","text":"À cause des intempéries dans le Nord de la France, étant cyclotouriste, je n'ai pas pu me rendre chez Marie à Orléans. Cette dernière n'a pas voulu annuler la réservation à deux jours de l'arrivée, malgré les conditions météorologiques impossibles qui m'ont donc fait perdre plus de 60€ sur mon petit bugdet, alors que d'autres Airbnb sur mon chemin ont compris la situation et l'ont fait. Très mauvaise image de mon point de vue pour une personne qui voulait juste avoir son argent. Dommage je trouve, ce n'est point l'esprit des gens qui veulent partager une expérience avec d'autres voyageurs. Je ne recommande pas du tout !!!","date":"juin 2016"},{"pos":[],"lang":"french","name":"Jean-Claude","neg":"","text":"J'avais dit que je reviendrai chez Marie, voilà c'est fait ! On se sent invité chez elle, presque ami ... Merci Marie pour votre petit-déjeuner qui nous donne la pêche pour la journée !","date":"mai 2016"},{"pos":[],"lang":"french","name":"Juliette","neg":"","text":"Nous sommes restés 1 nuits mais nous en garderons un excellent souvenir. Le service est parfait, l'accueil est chaleureux... On se sent tout de suite bien. La chambre est juste trop mignonne et confortable, la décoration est soignée et délicate . Et pour couronner le tout nous nous sommes régalés avec un super petit déjeuné !!! Nous sommes ravis ... Merci Marie :)","date":"mai 2016"},{"pos":[],"lang":"french","name":"Sabine","neg":"","text":"Nous avons été très bien accueillis par Marie. Le logement, très bien situé, est décoré avec goût, nous reviendrons avec plaisir !","date":"mai 2016"},{"pos":[],"lang":"french","name":"Philippe","neg":"","text":"Super accueil, chambre très confortable et petit déjeuner très copieux. Nous recommandons","date":"mai 2016"},{"pos":[],"lang":"french","name":"Marie-Claude","neg":"","text":"Merci à tous les deux pour vos commentaires, j'aime que mes voyageurs soient satisfaits !","date":"mai 2016"},{"pos":[],"lang":"french","name":"Jean-Claude","neg":"","text":"Excellent séjour d'une nuit chez Marie. Hôte très agréable et à l'écoute. Jolie chambre décorée avec goût. Le petit déjeuner est bon et très copieux. La situation à Orléans est parfaite. Je reviendrai sans hésitation.","date":"avril 2016"},{"pos":[],"lang":"french","name":"Jean-Marie","neg":"","text":"Merci Marie pour ce séjour agréable Marie est attentive au bien être de ses invités et cherche sans cesse à améliorer les conditions de séjour chez elle Son petit déjeuner est copieux et fait maison Je n'hésiterai pas une seconde quand je reviendrai à Orléans c'est chez Marie que je retournerai","date":"avril 2016"},{"pos":[],"lang":"french","name":"Thierry","neg":"","text":"Merci à Marie de nous avoir ouvert les portes de son \"cocon\" aussi tard. Emplacement, calme, confort, propreté, accueil, un endroit que je conseille vivement. Nous reviendrons sur Orléans prochainement. Alors à très bientôt Marie... Thierry et Ariane","date":"avril 2016"},{"pos":[],"lang":"french","name":"Christelle Et Philippe","neg":"","text":"Merci Marie pour votre accueil chaleureux la chambre était magnifique, décorée avec gout, nous avons passé une nuit très agréable. un petit déjeuner gouteux ... idéal pour notre périple en Bretagne, arrêt à Orléans ville d'étape magnifique . bien située pour une visite et restauration rapide en centre ville","date":"avril 2016"},{"pos":[],"lang":"french","name":"Aurélie","neg":"","text":"Séjour excellent. Décoration soignée pour une nuit romantique. Petit déjeuner gourmand. Emplacement parfait pour aller découvrir Orléans à pieds. Marie est très attentionnée.","date":"mars 2016"},{"pos":[],"lang":"french","name":"Daniel","neg":"","text":"Accueil agréable de Marie, disponibilité pour horaire de remise des clés. Chambre originale et espace sympathique dans une petite cour de plain pied. Quartier calme et possibilité de se rendre au centre ville à pied en quelques minutes. Suggestions utiles sur les visites à ne pas manquer, les restaurants et les environs. Nous garderons un bon souvenir de cette expérience à Orléans.","date":"mars 2016"},{"pos":[],"lang":"french","name":"Natalie","neg":"","text":"Le logement était parfait. Très bien décoré, et complétement conforme au descriptif de l'annonce. Marie, nous à reçu très gentiment, et nous à préparé un un excellent petit déjeuner. Nous avons beaucoup aimé ce petit séjour, et nous nous sommes promis d'y revenir très bientôt. Merci à notre Hôte.","date":"mars 2016"},{"pos":[],"lang":"french","name":"Audray","neg":"","text":"Merci Nathalie, pour votre commentaire adorable !","date":"mars 2016"},{"pos":[],"lang":"french","name":"Laetitia","neg":"","text":"Un vrai petit nid douillé, très charmant dans un quartier calme à deux pas de la rue animée d'Orléans. Tout y était, marie a pensé aux petits détails! (bouteille d'eau, petit dej royal, une jolie terrasse...) Merci encore!","date":"février 2016"},{"pos":[],"lang":"french","name":"Guillaume","neg":"","text":"Séjour très agréable, Marie nous a accueilli très chaleureusement, la chambre est un joli petit cocon, impeccable, et le petit déjeuner est au top! La cour est très mignonne et doit être très agréable aux beaux jours... Le quartier est très calme, et on n'est qu'à quelques minutes à pied du centre ville.","date":"février 2016"},{"pos":[],"lang":"french","name":"Guillaume","neg":"","text":"Magnifique logement à quelques pas du centre d'Orléans. Marie nous a très bien reçu et le petit déjeuner offert était délicieux! A vivement recommander!","date":"février 2016"},{"pos":[],"lang":"french","name":"Florence","neg":"","text":"Merci à Marie pour son (URL HIDDEN) suite privative est confortable et bien décoré. Emplacement idéal pour visiter le centre-ville d'Orleans. On accède facilement le centre via la rue de Bourgogne à pied. Merci.","date":"février 2016"},{"pos":[],"lang":"french","name":"Vincent","neg":"","text":"Très bel endroit calme et chaleureux. Une très belle expérience et un accueil de très grande qualité","date":"janvier 2016"},{"pos":[],"lang":"french","name":"Luc","neg":"","text":"Très bon moment passé chez Marie qui sait recevoir et mettre ses hôtes en confiance. Proche du centre et au calme. Très sympathique décoration literie confortable et chambre très propre. Moment très agréable.","date":"janvier 2016"},{"pos":[],"lang":"french","name":"Olivier","neg":"","text":"Prestations conformes au descriptif. Chambre de charme et accueil très agréable de Marie qui prend soin de ses hôtes. A souligner : le petit déjeuner est remarquable. A recommander.","date":"janvier 2016"},{"pos":[],"lang":"french","name":"Michel","neg":"","text":"Une adresse à recommander pour: -sa localisation à 5mns des bords de Loire à pied ,à 10mns du plein centre ( cathédrale ) -le logement lui-même : la petite suite,une courette où l'on peut s'installer les beaux jours,une petite pièce pour prendre le petit-déjeuner , son calme , le logement est dans une petite rue sans circulation . -la décoration de l'ensemble faite avec soins et (URL HIDDEN) enfin l'hôtesse fort aimable animée par le désir de faire bien et soucieuse du bien-être de ses hôtes ,le tout avec discrétion . Merci à vous Marie et peut-être à bientôt . Michèle et Michel","date":"décembre 2015"},{"pos":[],"lang":"french","name":"Muriel","neg":"probleme","text":"Marie nous accueillis avec beaucoup de gentillesse. Elle devine tous vos besoins. Une foule de petites attentions nous ont fait nous sentir dorlotés. Même le petit toutou est accueillant. Très calme et à 2 pas des rues piétonnes. Une seul problème : il faut bien repartir. Une envie : revenir. Merci Marie.","date":"décembre 2015"},{"pos":[],"lang":"french","name":"Geraldine","neg":"the chaud","text":"Le séjour s'est extrêmement bien passé! L'accueil de Marie était très sympathique (nous avons même eu un petit thé chaud à l'arrivée), la chambre superbe et le déjeuner très copieux et varié! A recommender vivement si vous passez par Orléans!","date":"novembre 2015"},{"pos":[],"lang":"french","name":"Yves","neg":"","text":"Passage de courte durée mais très appréciable. L'accueil de Marie est sympathique et sa prestation est de qualité. Je recommande et reviendrai avec plaisir.","date":"novembre 2015"},{"pos":[],"lang":"french","name":"Mylene","neg":"","text":"Marie est une adorable personne qui prend bien soin de ces hôtes.Un accueille très chaleureux, souriante, très à l'écoute de ses hôtes,un respect,et met en confiance !!!!!! petit déjeuner au complet.merci pour tout Marie vous êtes super . Amitiés sincères gros bisous Alain,Marylène","date":"novembre 2015"},{"pos":[],"lang":"french","name":"Pier","neg":"","text":"Merci Mylène, votre commentaire me va droit au coeur !","date":"novembre 2015"},{"pos":[],"lang":"french","name":"Nathalie","neg":"","text":"Super accueil, hôte charmante, chambre vraiment belle, au calme et très agréable.","date":"novembre 2015"},{"pos":[],"lang":"french","name":"Marie José","neg":"","text":"Nous n'avons fait que passer chez Marie mais nous nous sommes tout de suite sentis extrêmement a l'aise dans ce petit cocon. Marie est une hote charmante, tres disponible et arrangeante. Un petit déjeuner parfait mieux que dans certains hotels.","date":"novembre 2015"},{"pos":[],"lang":"french","name":"Anabelle","neg":"","text":"Merci à Marie pour son accueil chaleureux et son appartement super cosy et très bien placé près de la rue de Bourgogne.","date":"octobre 2015"},{"pos":[],"lang":"french","name":"Monique","neg":"","text":"Si vous aimez dormir dans un calme absolu à deux pas d'une rue piétonne pleine de petits restos sympas .... Si vous aimez le confort d un lit douillet dans une chambre originale à la décoration soignée .... Si vous aimez les petits déjeuners gourmands (confitures maison au top) Si vous aimez échanger avec une hôtesse adorable Alors n hésitez pas ; comme moi, vous allez adorer ! Merci pour tout Marie : c était parfait!","date":"octobre 2015"},{"pos":[],"lang":"french","name":"Arnaud","neg":"","text":"Merci à vous Monik d'être celle que vous êtes surtout ne changez rien, vous êtes top !","date":"octobre 2015"},{"pos":[],"lang":"french","name":"Cécile","neg":"","text":"Très bon accueil souple et très chaleureux de Marie. Vous apprécierez le bon goût et le calme dû lieux et à la belle saison prenez le temps du petit déjeuner sur la superbe terrasse. Je recommande vivement !","date":"octobre 2015"},{"pos":[],"lang":"french","name":"Fred","neg":"","text":"Logement très propre, joliment décoré et au calme. Hôte très agréable et petit déjeuner complet et varié, digne d'un petit déjeuner continental d'hôtel.","date":"octobre 2015"},{"pos":[],"lang":"french","name":"Claude","neg":"","text":"Super séjour dans le petit nid douillet de Marie ! Merci pour votre accueil et votre sympathie","date":"octobre 2015"},{"pos":[],"lang":"french","name":"David","neg":"odeur","text":"L'accueil fut très accueillant et chaleureux. La suite est exactement comme la description. Avec un agréable odeur, on se sens comme chez soi. Je recommande vivement ! Le petit déjeuner était complet et équilibré, rien à redire !","date":"septembre 2015"},{"pos":[],"lang":"french","name":"Marc","neg":"","text":"Marie nous a très bien accueillis et nous avons beaucoup apprécié le logement meublé avec goût. Le petit déjeuné n'était pas seulement excellent mais l'on ressentait une envie de faire plaisir. Les discussions de matin étaient une bonne introduction à la journée.","date":"septembre 2015"},{"pos":[],"lang":"french","name":"Margerine","neg":"","text":"Très bon accueil de Marie malgré mon arrivée très tardive ;-) Chambre très confortable et décorée avec goût ! Petit déjeuner généreux. Bref une très bonne adresse ! Merci Marie !","date":"septembre 2015"},{"pos":[],"lang":"french","name":"Liliane","neg":"","text":"Nous avons fait un très agréable séjour à Orléans, confortablement installés chez Marie qui nous a accueillis avec gentillesse et cordialité. On est à deux pas du coeur animé de la ville mais au calme et l'on dort très bien. Petit déjeuner soigné. Merci Marie!","date":"septembre 2015"},{"pos":[],"lang":"french","name":"Michel","neg":"","text":"Le logement a parfaitement répondu à mes attentes. Il n'y a rien à redire. Marie vous réserve un très bon accueil tout en restant très discrète. Le logement en dehors de son lieu de vie fait que vous êtes parfaitement autonome. Après que vous ayez passé une très bonne nuit, Marie vous réserve un petit déjeuner très copieux. A recommander sans hésitation.","date":"septembre 2015"},{"pos":[],"lang":"french","name":"Camille","neg":"mauvais","text":"Un endroit tout à fait charmant malgré le mauvais temps. Marie est une hôte adorable et très disponible ! Merci pour tout, Nous garderons un excellent souvenir de notre nuit à orleans ! (Et Petit déjeuner parfait)","date":"septembre 2015"},{"pos":[],"lang":"french","name":"Emmanuelle","neg":"fait chaud","text":"Marie est une hôtesse attentive, réactive, souriante et attentionnée. La Petite Suite est telle que les photos l'illustrent, coquette, douillette, ultra propre et la terrasse devant super agréable pour le soir ou le petit déjeuner, quand il fait beau et chaud, comme samedi dernier ;-)","date":"août 2015"},{"pos":[],"lang":"french","name":"Cathy Et Gilles","neg":"","text":"Marie par son sourire et son aisance communicative, nous a formidablement bien accueilli. Cette chambre est un véritable cocon douillet. Ce court séjour nous a permis de faire une belle pause (à l'abri des intempéries) dans notre étape Loire à Vélo. A consommer sans modération...","date":"août 2015"},{"pos":[],"lang":"french","name":"Pierre","neg":"","text":"Très beau logement décoré avec beaucoup de goût. La chambre n'est pas immense mais elle est très jolie et donne sur un patio avec table et chaises. J'ai pu en outre avoir accès à une salle à coté où on peut se faire un café, thé... Le quartier est très animé le soir, avec beaucoup de restaurants mais le logement est dans une rue voisine très calme. L'accueil de Marie aux petits soins est chaleureux et très agréable. je recommande ce logement à 100 %.","date":"août 2015"},{"pos":[],"lang":"french","name":"Marie","neg":"","text":"Marie nous a accueillis avec beaucoup de gentillesse dans un cadre chaleureux, petit nid caché en plein centre-ville d'Orléans. Le petit-déjeuner a été divin ! Notre hôte a tout fait pour que nous nous sentions au mieux et ce fut réussi !","date":"août 2015"},{"pos":[],"lang":"french","name":"Françoise","neg":"","text":"Très belle chambre avec salon de jardin privé très bien située près du centre. Nous avons particulièrement apprécié la gentillesse de Marie. Adresse conseillée pour les motards Francoise et Didier","date":"août 2015"},{"pos":[],"lang":"french","name":"Montse","neg":"","text":"L'accueil de Marie a été parfait, comme la chambre très bien décorée où nous avons séjourné. Nous avons pu laissé la voiture juste devant la maison et le lendemain matin nous avons pris un copieux petit déjeuner sur la terrasse devant notre chambre. Le quartier est dans la vieille ville, pas loin de la cathédrale. Ah, un petit mot aussi pour son charmant petit chien Hermès, très câlin!","date":"août 2015"},{"pos":[],"lang":"french","name":"Hélène","neg":"","text":"Une nuit très agréable à Orléans. Marie est très sympathique et la chambre est très bien tenue et idéalement située dans la ville. Merci encore","date":"août 2015"},{"pos":[],"lang":"french","name":"Nicolas","neg":"","text":"Séjour très agréable chez Marie. Accueil chaleureux, et bons conseils pour découvrir Orléans. Logement atypique et confortable, vraiment bien situé au cœur de la ville. Nous avons pu laisser nos vélos dans la petite cour fermée. Excellent petit déjeuner le matin...bref une très bonne adresse à recommander.","date":"août 2015"},{"pos":[],"lang":"french","name":"Catherine","neg":"","text":"La petite chambre de Marie correspond tout à fait aux photos laissées sur le site ! Et Marie nous a réservé un accueil agréable et chaleureux, en compagnie d'Hermès. Son logement est idéalement situé en centre ville pour se balader à pieds, et Marie donne toutes les explications nécessaires. Une adresse à retenir.","date":"juillet 2015"},{"pos":[],"lang":"french","name":"Therese Et Gérard","neg":"","text":"Marie mérite largement le statut de Super Host! L'accueil est très chaleureux, la maison agréable , très bien située ( centre historique , et très calme ..) , la chambre confortable , des petites attentions ..... rien ne manque .. Et le petit déjeuner est très bon !! Merci pour cette rencontre !!","date":"juillet 2015"},{"pos":[],"lang":"french","name":"Christian","neg":"","text":"Accueil au top avec rafraîchissement en terrasse, nécessaire en cette chaude journée. Chambre douillette et fraîche, identique aux photos. Les bons conseils de notre hôtesse nous ont permis de découvrir une ville très agréable... Pour résumer : nous recommandons vivement.","date":"juillet 2015"},{"pos":[],"lang":"french","name":"Marine","neg":"","text":"Marie nous a très bien reçus dans sa suite. Le lieu correspond totalement a la description qui en est faite. La décoration est très soignée et tout est fait pour se sentir à l'aise. Le petit jardin à l'extérieur est surprenant et bien agréable en ville. Je conseille vivement!","date":"juillet 2015"},{"pos":[],"lang":"french","name":"Mégane","neg":"","text":"Nous avons passe un sejour formidable, Marie est une hôte charmante et très attentionnée. La chambre complètement indépendante est décorée avec beaucoup de goût, très bien agencée et extremement agréable, un sans faute ! Le petit déjeuner fut également un sans faute, parfait pour démarer la journée, de plus tout le nécessaire était à notre disposition. Pour conclure : une chambre à recommander sans aucune hésitation, vous en avez vraiment pour votre argent !","date":"juin 2015"},{"pos":[],"lang":"french","name":"Françoise","neg":"","text":"Merci jolie Mégane pour toutes ces gentillesses et à bientôt peut être","date":"juin 2015"},{"pos":[],"lang":"french","name":"Daniele","neg":"","text":"1ère expérience en chambre d'hôte .... 1ère réservation avec Airbnb.... Direction Orléans et la Petite Suite.... Séjour plus que réussi par ce qu'avec Marie, le résultat est garanti!!!! Une hôtesse adorable, une chambre décorée avec beaucoup de goût, une situation idéale à 2 pas du centre ville et des bords de Loire, un petit déjeuner copieux et varié, ce fut une belle expérience et une belle rencontre avec Marie à qui nous ne manquerons pas de faire de la bonne publicité, et chez qui nous ne manquerons pas de nous arrêter si nous revenons dans cette région que nous avons à peine découverte! Merci Marie pour votre accueil et votre gentillesse !!","date":"juin 2015"},{"pos":[],"lang":"french","name":"Maud","neg":"","text":"Marie a été très accueillante et sa suite est un endroit très chaleureux ! Séjour d'une nuit mais très agréable ! Je recommande cet endroit ! Et petit déjeuner au top ! Merci encore !","date":"juin 2015"},{"pos":[],"lang":"french","name":"Julien","neg":"","text":"Marie est très gentille et vous réserve un super accueil. La chambre est atypique et sa déco très qualitative est faite avec goût. Bouteille d'eau, lit, serviettes de bains, tout est rangé avec attention. On se sent bien et accueilli ! J'ai passé une bonne nuit réparatrice et au calme. Pour les voyageurs qui ont le temps, elle est idéalement située à deux pas de la Loire et du Centre ville historique. Je reviendrais bientôt j'espère. Merci pour ce séjour Marie !","date":"juin 2015"},{"pos":[],"lang":"french","name":"Pascal","neg":"","text":"Merci Julien pour ces mots qui me font très plaisir","date":"juin 2015"},{"pos":[],"lang":"french","name":"Angélique","neg":"","text":"Pour ce deuxième séjour initié tardivement, j'ai encore une fois été très bien accueilli par Marie dans cette petite suite qui est un véritable écrin. Malgré la fatigue du voyage, j'ai pu me ressourcer. Merci Marie","date":"juin 2015"},{"pos":[],"lang":"french","name":"Philippe","neg":"","text":"Nous avons passé une très bonne nuit dans la petite suite de Marie qui nous a très bien accueilli. Nous avons adoré discuter avec elle. Marie est une hôte en or. Nous reviendrons certainement à Orléans et sans hésitation nous choisirons de nouveau la petite suite.","date":"juin 2015"},{"pos":[],"lang":"french","name":"Pascal","neg":"","text":"Merci beaucoup Angélique, vous êtes une belle personne","date":"juin 2015"},{"pos":[],"lang":"french","name":"Kevin","neg":"","text":"Tout fut parfait dans ce nid douillet. Beau logement, belle ville, bel accueil, que demande le peuple?","date":"juin 2015"},{"pos":[],"lang":"french","name":"Tymazen","neg":"","text":"Très joli endroit, calme, confortable, à la déco soignée. Accueil chaleureux de Marie. Le séjour de mes amis a été très agréable. Adresse à recommander absolument.","date":"mai 2015"},{"pos":[],"lang":"french","name":"Laure","neg":"","text":"Super accueil de Marie, malgré notre arrivée tardive ! La chambre est magnifique, décorée avec beaucoup de goût ! Un vrai bonheur, notre seul regret sera de n'être restés qu'une seule nuit mais nous y reviendrons avec plaisir ! Idéalement situé pour faire la Loire à vélo ou découvrir Orléans !","date":"mai 2015"},{"pos":[],"lang":"french","name":"Catherine","neg":"","text":"Accueil très sympathique, petites attentions à notre arrivée avec notamment de la documentation pour visiter la ville et les environs. Marie nous a enchantés par sa gentillesse, sa disponibilité, sa convivialité et sa discrétion. Elle est à l'ecoute et à l'affût de conseils pour améliorer le confort et le bien être des (URL HIDDEN) chambre est très joliment décorée avec un \"plus\" très appreciable : la terrasse et la cuisine toute neuve à disposition. Très bon séjour ! Merci Marie !","date":"mai 2015"},{"pos":[],"lang":"french","name":"Marie","neg":"","text":"Nous avons passé une nuit chez Marie et nous avons beaucoup apprécié son hospitalité. Marie est très sympathique et à l'écoute de ses hôtes. Sa maison est décorée avec beaucoup de raffinement. La literie est parfaite. Les restaurants sont à 10 minutes à pied. Le matin un très bon petit déjeuner nous attend dans la cuisine ou sur la terrasse. C'est une adresse que je vous recommande ! Nous reviendrons avec plaisir...","date":"mai 2015"},{"pos":[],"lang":"french","name":"Consuelo","neg":"","text":"Idéalement située, une suite impeccable avec un petit déjeuner copieux. Une literie parfaite et un accueil parfait .","date":"mai 2017"},{"pos":[],"lang":"french","name":"Caroline","neg":"sale","text":"Très bel accueil de Marie qui est adorable et souple sur les horaires de petits (URL HIDDEN) chambre d'hôtes est bien placée au centre du vieux et beau Orléans, mais au calme car dans une petite rue loin du tumulte. Bien pour les touristes mais aussi pour moi, car proche des lieux de formations professionnelles ou de passages d'examens. Cette chambre harmonieuse et très mignonne a un lit très confortable : chambre chaude à mon arrivée, petits biscuits et un bouteille d'eau offerte, et vous pouvez aller dans la kitchenette vous préparer un thé ou un café. Petit déjeuner copieux avec du sucré et du salé. La chambre donne sur une cour entièrement privative avec des plantes et un salon de jardin coloré + Barbecue électrique. On a accès à une kitchenette pour se préparer ses repas si l'on ne veut pas aller aux restaurants qui sont nombreux autour à moins de 5 mn. Je conseille les restaurants suivants pour les bios ou pas d'ailleurs car très bons et copieux : Un piano dans la théière, Voici venu le temps, Oh terroir, Les fils à Maman. Bonne découverte. Merci Marie et à bientôt.","date":"février 2017"},{"pos":[],"lang":"french","name":"Charlotte","neg":"","text":"Super petit-déjeuner, Marie donne des conseils quoi faire à Orléans, la chambre et belle et bien située. Nous avons passé un moment génial.","date":"février 2017"},{"pos":[],"lang":"french","name":"Marinus","neg":"","text":"Nous sontions très bienvenues. La chambre était très belle décoré et en même temps très bien équipée. Tout que on a besoin était la. Il y était une espace séparée, étant la cuisine complètement équipée pour le petit déjeuner. La centre ville était 10 minutes à pied.","date":"septembre 2016"},{"pos":[],"lang":"french","name":"François","neg":"","text":"Marie nous a accueillis de manière vraiment très agréable ! Les lieux sont très agréables, c'est ce qu'on peut attendre d'un petit logement au centre ville (avec une cour intérieure en plus !). A 10 minutes à pied, presque en ligne droite, vous pouvez atteindre la principale rue animée le soir, et la cathédrale est à peine plus loin. C'est une très belle ville, qui mérite mieux qu'une simple étape. La seule difficulté concerne le parking (payant), mais c'est malheureusement généralisé actuellement dans les villes. Un très bon endroit !","date":"septembre 2016"},{"pos":[],"lang":"french","name":"Eve-Anne & Boris","neg":"","text":"Nous recommandons ! Le logement est conforme aux photos, très propre et décoré avec goût. C'est un petit coin de paradis en plein centre ville, à 10 min à pied du centre ville. Nous avons été charmé par la petite cour privative, agréable et reposante. Le petit déjeuner est excellent et préparé par Marie avec attention et soin. Très bon accueil. Nous gardons un très bon souvenir de notre passage sur Orléans et reviendrons chez Marie avec plaisir.","date":"août 2016"},{"pos":[],"lang":"french","name":"Elena","neg":"","text":"Marie est très gentille et accueillente, le logement avec la petite court fleurie est jolie.","date":"août 2016"},{"pos":[],"lang":"french","name":"Bernard","neg":"","text":"Une petite chambre de charme à quelques minutes à pied du centre d'Orléans. Idéal pour passer un week-end ou faire une halte pendant un trajet pour les vacances.","date":"juillet 2016"},{"pos":[],"lang":"french","name":"Liliane","neg":"dejeuner sale","text":"Nous avons passé 3 nuits dans ce super B&B dans le centre d'Orleans. Accueil chaleureux de Marie qui a pris soin de nous avec un excellent petit dejeuner (salé et sucré!). La chambre est charmante et confortable et nous n'hésiterons pas a recommander cette adresse a nos amis. Merci Marie, pour tout ci qui a rendu notre séjour encore plus agréable.","date":"mai 2016"},{"pos":[],"lang":"french","name":"Gabriel","neg":"","text":"Nous avons passé une nuit parfaite dans le charmant cottage de Marie, en plein cœur de la vieille ville d'Orléans. Admirablement situé, l'endroit présente tous les atouts d'un séjour de charme; la décoration soignée, confort et propreté impeccables. Marie nous a reçus gracieusement, accompagnée par Hermès, son petit chien joueur et craquant. Le petit-déjeuner mérite sa réputation sur Airbn'b: royal. Au final, le logement de Marie est un incontournable. On recommande!","date":"mai 2016"},{"pos":[],"lang":"french","name":"Andree","neg":"","text":"Merci Gabriel pour votre adorable commentaire, cela me touche et revenez quand vous voulez !","date":"mai 2016"},{"pos":[],"lang":"french","name":"Marcelle","neg":"","text":"Marie et la petite suite privative sont deux bijoux. Marie est accueillante, chaleureuse et généreuse. La petite suite est privée, confortable et idéalement située à quelques minutes à pieds de la Loire , d'une pharmacie, d'une petite épicerie , de tous les transports publics, monuments , restaurants et magasins importants d'Orleans. Grâce à Marie qui s'est dévouée à me faire connaitre et apprécier la ville, j'ai adore ma visite à Orleans et reve d'y retourner.","date":"mai 2016"},{"pos":[],"lang":"french","name":"Jean-Jacques","neg":"","text":"Merci Andrée pour tous ces compliments, j'ai adoré vous avoir rencontrée et ma porte personnelle vous est grande ouverte","date":"mai 2016"},{"pos":[],"lang":"french","name":"Karel","neg":"","text":"Très bon accueil de la part de Marie , petite suite pleine de charme , comme sur les photos , copieux petit déjeuner .Très bien situé en plein centre ville. Marie est au petit soin pour nous conseiller sur notre séjour. Juste petit bémol pour le parking mais ça, c'est général dans les grandes villes et l'hôte n'est pas responsable (à moins qu'elle ne nous aie caché qu'elle soit maire d'Orléans. ....) A conseiller","date":"février 2016"},{"pos":[],"lang":"french","name":"Annika","neg":"","text":"Nous avons été agréablement surpris par l'accueil de Marie et de Hermes. Spontanée et très sympathique. La petite suite comblait nos espérances et le lit était des plus agréables. La situation de la chambre d'hôtes de Marie est parfaite pour visiter le centre historique d'Orléans. Adresse à recommander.","date":"septembre 2015"},{"pos":[],"lang":"french","name":"Katharina","neg":"","text":"Nous sommes très contentes d' avoir reservé cette magnifique b&b. Marie est une dame très agréable qui a réussites de nous donner directement ' a vacation mood'. Aussi la chambre est vraiment comment on l'avait imaginé, cosy, propre et agréable. La ville Orléans est un 'must see'. C'est certain qu'un jour on revient. Merci encore à Marie et son petit chien, pour le bon souvenir!","date":"septembre 2015"},{"pos":[],"lang":"french","name":"Olivier","neg":"","text":"Merci à Marie pour son accueil très sympathique. On sent que Marie veut que ses visiteurs se sentent bien et se fait très discrète malgré ses attentions Nous avons de plus apprécié la propeté des lieux, son emplacement. Cette petite suite est un chouette petit cocon et le petit déjeuner dans la cours était très agréable.","date":"août 2015"},{"pos":[],"lang":"french","name":"Carla","neg":"","text":"Nous avons trouvé il B&B de Marie un petit bijoux! Tres jolie e agréable, comme Marie même... Un petit-dejeuner tres (URL HIDDEN) petite suite è situé dans le vieux coeur d'Orléans e la hospitalité de Marie était vraiment speciale! Merci Marie de toute...nous avons les mieux souvenirs a notre rencontre chez vous!!!","date":"août 2015"},{"pos":[],"lang":"french","name":"Philippe","neg":"","text":"la chambre privée correspond exactement à la description. Endroit tranquille à 500m du centre ville. Chambre au fond de la cour de la maison. Très plaisant, juste ce qu'il faut pour faire une étape. Orléans est une belle ville avec beaucoup d'animation le soir avec un beau piétonnier. Ville bien aménagée","date":"août 2015"},{"pos":[],"lang":"french","name":"Michel","neg":"","text":"Très bon accueil de Marie La chambre proche du centre est idéalement située pour visiter Orléans. Le quartier est très calme. A recommander","date":"juillet 2015"},{"pos":[],"lang":"french","name":"Bastien","neg":"","text":"Super nuit passée à Orléans dans une chambre décorée avec beaucoup de goût. Petit déjeuner inclus pris sur la court intérieur, avec le soleil","date":"juillet 2015"},{"pos":[],"lang":"french","name":"Jean","neg":"","text":"Accueil chaleureux de Marie qui nous attendait pour nous présenter le logement. Elle nous a cédé sa place de parking juste devant la maison. Elle nous a offert une verre de bienvenue. Elle nous a renseigné sur ce qu'il fallait visiter à Orléans et nous a conseillé les bons endroits pour manger. Marie est très enthousiaste et aime communiquer. La suite est fonctionnelle et joliment décorée. L'endroit est calme et proche du vieux quartier. Le centre historique et des berges de la Loire sont facilement accessibles à pied.","date":"juin 2015"},{"pos":[],"lang":"french","name":"Anne Et Xavier","neg":"","text":"Séjour très court mais très agréable chez Marie. Un accueil très sympathique, un petit logement très fonctionnel, calme et chaleureux en plein centre de la ville... à recommander pour une visite d'Orléans à pieds ou à vélo.","date":"mai 2015"},{"pos":[],"lang":"french","name":"Armand","neg":"","text":"J'ai passé un très agréable séjour. La chambre est particulièrement charmante avec une décoration très originale. Suffisamment grande pour s'y sentir véritablement à l'aise. J'ai également apprécié le fait que la chambre soit complètement indépendante. Par ailleurs Marie est une haute très sympathique et accueillante. Je recommande sans réserves...","date":"mai 2015"},{"pos":[],"lang":"english","name":"Philippe","neg":[],"text":"A perfect place to visit Orléans. Very nice room with a bathroom and an independent kitchen. Marie is a wonderful host. She prepares a full breakfast. At a walking distance to the city center.","date":"mars 2017"},{"pos":[],"lang":"english","name":"Jean-Claude","neg":[],"text":"Just over the top ! Merci Marie","date":"octobre 2016"},{"pos":[],"lang":"english","name":"Luciano","neg":[],"text":"Very hospitable host and nice and comfortable studio for two within walking distance of the historic centre. Inner patio is nice and cool, a real plus when it's hot outside. Generous breakfast choices too.","date":"juin 2016"},{"pos":[],"lang":"english","name":"Eliza","neg":[],"text":"Amazing stay, even if my booking was very last minute! Beautiful room situated in a separate part of the house with independent entrance which gives lots of privacy. Great location, just second away from all the restaurants and tourist attractions.","date":"août 2015"},{"pos":[],"lang":"english","name":"Tim","neg":[],"text":"We had an absolutely wonderful one night stay with Marie. Her room is exactly as described...absolutely beautiful and spotlessly clean. She was a very friendly hostess. She spoke only a little English and we spoke very little French but we used our iPads to communicate! No problem at all! Great breakfast too! Overall a delightful French experience. Merci Marie.","date":"juin 2015"},{"pos":[],"lang":"french","name":"Jim","neg":"","text":"merci à tous les deux de ces beaux compliments","date":"juin 2015"},{"pos":[],"lang":"english","name":"Kimberly","neg":[],"text":"Fantastic little getaway, so charming and clean! We recommend to anyone!","date":"mai 2017"},{"pos":[],"lang":"english","name":"Claire","neg":[],"text":"Beautiful room and delicious breakfast. Thank you Marie!","date":"avril 2017"},{"pos":[],"lang":"english","name":"Catherine","neg":[],"text":"This was the perfect place to stay in Orleans. Lovely private space off the side of the main house - beautifully decorated exactly as in the pictures. Sunny courtyard and breakfast provided! 5 minutes walk from centre of town and very friendly and helpful host. Thank you Marie!","date":"avril 2017"},{"pos":[],"lang":"english","name":"Lucie","neg":[],"text":"Marie's appartment was EVERYTHING we needed ! Clean, central and private. The bed was super comfortable and the breakfast was lovely - definitely something for everyone. We wouldn't hesitate to come back. Un grand merci à Marie - the perfect host !","date":"avril 2017"},{"pos":[],"lang":"english","name":"Genette","neg":[],"text":"Everything was as expected and more. Thanks.","date":"février 2017"},{"pos":[],"lang":"english","name":"Mark","neg":[],"text":"Located in a back street in Orleans however only a few minutes walk from a good selection of restaurants and the beautiful Cathedral; a good location therefore. The accommodation was very comfortable with a good bed and a shower with excellent water pressure; Marie was a charming hostess who provided a great breakfast. Communication during the booking and stay was excellent and we would stay here again and certainly recommend it. The property had a small court yard which, in better weather, would be a lovely place to eat breakfast- too chilly for us in October. Thank you Marie","date":"octobre 2016"},{"pos":[],"lang":"english","name":"Irina","neg":[],"text":"A lovely small studio in the heart of Orleans, good bed, newly fitted shower, clean, comfortable and charming. A perfect location, welcoming host, all you need for a one-night stop-over.","date":"septembre 2016"},{"pos":[],"lang":"english","name":"Petra","neg":[],"text":"We had a great stay at Marie's place. Marie is a great, friendly and social host, with the most cute little dog ever. She went out of her way to make us feel at home and even provided a vegan breakfast for us. Her place was very nice, comfortable and the location was perfect.","date":"août 2016"},{"pos":[],"lang":"english","name":"Jenny","neg":[],"text":"Marie was a gracious host, who warmly welcomed us to her house. We had a magical bedroom, beautifully decorated, a wonderful breakfast, and were within a stone's throw of the ancient centre of Orléans, near the cathedral.","date":"août 2016"},{"pos":[],"lang":"english","name":"Carla","neg":[],"text":"Second time we stayed at Marie's B&B! Again a very warm welcome and a lovely place to stay with a delicious breakfast!!!","date":"août 2016"},{"pos":[],"lang":"french","name":"Katja","neg":"","text":"MERCI Carla et Joss, vous êtes les acteurs de cette belle rencontre, !","date":"août 2016"},{"pos":[],"lang":"english","name":"Kit","neg":[],"text":"Marie was a great host who took care for everything. The room was very nice and clean. I would reccomend it to everyone who wants to visit Orleans!","date":"août 2016"},{"pos":[],"lang":"english","name":"Ron","neg":[],"text":"A lovely clean room and courtyard, a wonderful big breakfast and an attentive and friendly host. Highly recommend.","date":"juillet 2016"},{"pos":[],"lang":"english","name":"Laurent","neg":[],"text":"Maria is a really lovely host that has a very nice place. It is close to all of the restaurants and bars in the area and is a very cosy place to stay. Maria doesn't speak a lot of English and we don't speak much French but we still managed to have some good and interesting conversations. She prepares a really nice breakfast every morning and always encourages you to eat more. It's a great place to base yourself for a few days. Only downside is that the wifi is pretty slow in the area","date":"juillet 2016"},{"pos":[],"lang":"english","name":"Karen","neg":[],"text":"Our stay in Orleans was delightful. Marie could not have been more helpful and her apartment was lovely. It was perfect for our requirements and also has an outdoor courtyard where you can sit. Marie suggested where to dine and places to see, an excellent Airbnb host!","date":"juin 2016"},{"pos":[],"lang":"english","name":"Benoit","neg":[],"text":"Very nice experience staying at Marie's very pretty room in Orleans. Marie was very nice and made us feel welcome in her home. Very good location to visit the old town.","date":"juin 2016"},{"pos":[],"lang":"english","name":"Laura","neg":[],"text":"Marie was brilliant! We messaged her very last minute and she couldn't have been more accommodating, letting us drop our bags early as we were on bikes. The room is beautiful, the bed comfortable and shower lovely! Breakfast was great and Marie ensured we didn't go hungry! A wonderful host of a beautiful place.","date":"juin 2016"},{"pos":[],"lang":"english","name":"Marilen","neg":[],"text":"We stayed at Marie's place for one night and it was lovely. The listing description and the pictures are just as it is in reality. Marie made us feel very welcome and very much at home. Everything was well prepared for our stay. She even put two bottles of water and a little snack ready for us in the room and set up a really nice breakfast for us the next morning. The location of the place is very good as well, you can easily walk to the city center and the Loire is also just a few minutes away. I can only recommend this place!","date":"juin 2016"},{"pos":[],"lang":"english","name":"Felix","neg":[],"text":"We had a very nice stay at Maries place! Marie was flexible with the time of our arrival and welcomed us very warmly at her place. The room is directly accessible through the atrium and is separated from Maries flat with its own bathroom. As a guest you can use the kitchen. Marie is very nice and friendly and gave us some good tipps about Orleans. She served us a very very good breakfast and it wasn't a problem for her to prepare the breakfast very early, because we had to leave early to catch our flight from Paris.","date":"mai 2016"},{"pos":[],"lang":"english","name":"Raman","neg":[],"text":"We reached to the address at about 6 pm and were welcomed by Marie very warmly. The home is perfect for small stay. Marie came across to be a very innovative and mindful lady. She was not very good with English language however, she overcame the challenge by using ipad translator. I would recommend this property for stay in Orleans.","date":"mars 2016"},{"pos":[],"lang":"english","name":"Barbie","neg":[],"text":"Marie's room is even nicer than it looks in the image! She was very accommodating over my arrival time, and very welcoming - my stay was in winter and the room was warm and cozy and it was a real pleasure to arrive.","date":"janvier 2016"},{"pos":[],"lang":"english","name":"Ashley","neg":[],"text":"Our stay with Marie was PARFAIT!!!! Arriving from a long day at Versailles we were welcomed to a lovely warm, scented sleep out, the photos don't do it justice. Each morning we woke to a wonderful breakfast - French pastries, cheeses, yoghurt, cereals, home made spreads and stewed apples along with coffee and orange juice. Too good!! Marie is a wonderful host! She goes out of her way to make you feel comfortable and welcome. Her little doggy is also a pleasure, so friendly and playful!! Orleans is a wonderful place to visit. There are numerous restaurants and bars, plentiful shops and beauticians and the renound Loirre Valley Chateaux are at your doorstep. We are most thankful to Marie for accomodating us the last two evenings and highly recommend all visiting Orleans to stay at this airBNB!!!","date":"janvier 2016"},{"pos":[],"lang":"english","name":"Elaine","neg":[],"text":"Marie was waiting at the door to greet us with Hermes the Yorkshire Terrier! she made us feel at home straight away. the apartment was everything we expected and more; bijou, cosy and tastefully furnished. the bed was really comfy. the location was perfect with everything within easy walking distance. we cannot recommend it highly enough and would love to go back.","date":"novembre 2015"},{"pos":[],"lang":"english","name":"Damiaan","neg":[],"text":"Marie is not called a superhost for nothing! The place was everything what we expected and more. So much better than a hotel! And eventhough her phone broke and we couldn't communicate about the time of arrival she didn't complain at all about us being a lot later than the initial time we decided to come. The place is lovely, very quiet and in the deadcentre. Breakfast is phenomenal and the bed too is superb! Will have to come back again in the future. Perfect stop-over from south to north France or back again. Thanks!!","date":"octobre 2015"},{"pos":[],"lang":"french","name":"Thalia","neg":"","text":"Damian vous êtes vraiment trop sympathique ! et ce fut un régal de vous recevoir","date":"octobre 2015"},{"pos":[],"lang":"english","name":"Paula","neg":[],"text":"Lovely room, host and neighbourhood;-) Many thanks!","date":"octobre 2015"},{"pos":[],"lang":"english","name":"Helen","neg":[],"text":"This is a charming place. Tastefully and beautifully designed. Marie is a welcoming and warm hostess, and clearly takes pleasure in being a good host. Great breakfast. Lovely courtyard. Easy distance to the historic area.","date":"septembre 2015"},{"pos":[],"lang":"english","name":"John","neg":[],"text":"Marie was very welcoming and friendly. Made us feel very welcome in her wonderful house. the private room\/bathroom was lovely, decorated very chic! the breakfast next morning was delicious. Would certainly recommend.","date":"septembre 2015"},{"pos":[],"lang":"english","name":"Susanne","neg":[],"text":"Wonderful cosy room next to the ancient quarter of Orleans. We enjoyed the stay at Marie very much and especially the marvellous and lovely breakfast in the courtyard. Thank you very much, Marie!","date":"septembre 2015"},{"pos":[],"lang":"english","name":"Anna","neg":[],"text":"We had a great stay in Orléans. Marie is a wonderful host, very welcoming and helpful. The room is adorable, looks just like the pictures and we felt at home right from the start. The location couldn't be better. Right in the city centre, close to all attractions. Thanks Marie, we would love to come back!","date":"septembre 2015"},{"pos":[],"lang":"english","name":"John","neg":[],"text":"We found our stay with Marie to be everything we had expected. She welcomed us as long lost friends and we found the premises to match the welcome. Ideally situated close to the river, restaurants and cultural centre of Orleans. We hope to be back and we would suggest that you book Maria early as there will be few free dates.","date":"septembre 2015"},{"pos":[],"lang":"english","name":"William","neg":[],"text":"Felt very welcome. The room was sweet and pretty with lovely bathroom.","date":"août 2015"},{"pos":[],"lang":"english","name":"Kate","neg":[],"text":"We had a wonderful overnight stay at Petite Suite au coeur d'Orléans. We arrived early and Marie was such a gracious host, allowing us to make ourselves right at home. Marie is a first class host, wonderfully warm and kind. The accommodation is exactly as pictured: clean, charming, private... it is perfect. The private courtyard and thoughtful breakfast sets this home, and the hostess, apart from any other accommodation we've experienced thus far. Thank you Marie!! We will always remember our night in Orléans :) xx","date":"août 2015"},{"pos":[],"lang":"french","name":"Glenn","neg":"","text":"Merci KATE, tous ces compliments me vont droit au coeur et moi aussi je garderai un très bon souvenir de vous deux, merci !","date":"août 2015"},{"pos":[],"lang":"english","name":"Mark","neg":[],"text":"Marie is a very charming and outgoing lady who made us feel very The suite itself is as described with a nice atmosphere. On approaching from the street, it doesn't look like much, but behind the street door is a pleasant courtyard that the suite opens onto. The only thing that was a bit odd was that there was no door to the toilet, which might be a problem for some people. it wasn't an issue for us. Before we left, Marie made us a beautiful breakfast in her courtyard - thank you very much Marie!","date":"août 2015"},{"pos":[],"lang":"english","name":"David","neg":[],"text":"Marie is friendly and a helpful host. The room was clean and full of atmosphere. Breakfast was outstanding, especially in company of her little dog Hermes.","date":"juillet 2015"},{"pos":[],"lang":"english","name":"Nouchine","neg":[],"text":"We had a very nice stay. The breakfast was delicious and Marie was very welcoming. I would definitely recommend this place!","date":"juillet 2015"},{"pos":[],"lang":"english","name":"Gösta","neg":[],"text":"What a lovely suite very close to the centre of Orleans. Marie has a very good tast and made the place very comfortable. Bathroom and sleeping was perfect and above standard. Breakfast on the terrace was lovely and very warmly prepared - self-made marmelade and everything you wish for. Price\/ service is perfect. Location is very close to Loire and to the major sights - aroind 5min walking to start of restaurant scene and 10 max to the cathedral. Parking was no problem.","date":"juillet 2015"},{"pos":[],"lang":"french","name":"Sandra","neg":"","text":"Merci Gosta, je suis touchée","date":"juillet 2015"},{"pos":[],"lang":"english","name":"John","neg":[],"text":"Marie was the perfect host. Friendly, informative and warm.","date":"juillet 2015"},{"pos":[],"lang":"french","name":"Reginald","neg":"","text":"Merci Sandra pour votre gentillesse","date":"juillet 2015"},{"pos":[],"lang":"english","name":"Helena","neg":[],"text":"Marie made us very welcome, greeting us on arrival and sharing a drink with us later. The street is very narrow, but we were able to park our car outside of Marie's house. The accommodation was very comfortable and just as described. Going downhill away from Marie's, one reaches the river. Going in the other direction, the next street running parallel with Rue Coquille contains many lively bars and restaurants. The next day, breakfast was excellent, with fresh fruit as well as the traditional croissants etc. We enjoyed our stay; thank you Marie.","date":"juillet 2015"},{"pos":[],"lang":"english","name":"Kristijan","neg":[],"text":"I had a really good time in this apartment. It is comfortable and cosy. Marie was very nice and helpful and a perfect host. The apartment is located near the Rue de Bourgogne not far away from the city center and a good starting point to visit Orléans.","date":"mai 2015"},{"pos":[],"lang":"french","name":"Theo","neg":"","text":"Merci ma petite Nadine pour toutes ces gentillesses, je suis très touchée","date":"août 2015"}],"p_emplacement":4.5,"id":5,"p_qualite-prix":4.5,"p_communication":5}