{"productTitle":"rate_me","p_precision":5,"nbReviews":11,"p_proprete":5,"resume":"","p_arrivee":5,"p_averageRanking":4.9166666666667,"p_productTitle":"rate_me","reviews":[{"pos":[],"date":"juin 2017","lang":"french","neg":"","text":"Les indications données par Julie sont très claires, et on n a pas de difficulté ni pour se garer ni pour trouver le logement. Studette un peu petite une fois le lit deplié, mais très bien agencée et très fonctionnelle. Il est juste dommage qu'il y ait si peu d'isolation avec la rue et surtout avec les appartements d'à coté.","name":"Coline"},{"pos":[],"date":"juin 2017","lang":"french","neg":"","text":"Studio tres bien situé en face du lac et à 5mn à pied du vieil Annecy. Fonctionnel agréable et propre. Wc dans le couloir tres bien entretenus.","name":"Nathanaelle"},{"pos":[],"date":"mai 2017","lang":"french","neg":"","text":"Logement à l'image proposer, pour 1 nuit c'est parfait, emplacement niquel, mais le couchage laisse à désirer ... dommage.","name":"Severine"},{"pos":[],"date":"mai 2017","lang":"french","neg":"","text":"Appartement très bien placé face au lac, studette très propre et fonctionnelle ! Quelques difficultés à joindre Julie mais indications précises. Je recommande !","name":"Akémi"},{"pos":[],"date":"mai 2017","lang":"french","neg":"","text":"Studette idéalement située et conforme au descriptif. Logement d'appoint parfait pour un séjour mid-week ou week-end. Bon rapport qualité\/prix. Le + : Superbe vue sur le lac d'Annecy. Le - : Présence de petits locataires non désirés... (fourmis).","name":"Cecile"},{"pos":[],"date":"avril 2017","lang":"french","neg":"","text":"Logement conforme aux photos. Très bien placé et places de parking gratuites à proximités.","name":"Wendy"},{"pos":[],"date":"mars 2017","lang":"french","neg":"bruyant","text":"Petit mais confortable, lumineux,mignon... bruyant à cause de la route et des passants \"réjouis\" en fin de soirée. Oreilles sensibles, pensez aux boules Quies. La proximité du lac et du centre est un vrai plus.","name":"Perrine"},{"pos":[],"date":"mars 2017","lang":"french","neg":"","text":"Petite studette pleine de charme avec une vu surprenante sur le lac et les montagnes avoisinantes, agréable pour un court séjour. Merci à julie qui reste disponible par téléphone en cas de soucis !!","name":"Nicolas"},{"pos":[],"date":"mars 2017","lang":"french","neg":"pas wifi","text":"Pensez bien qu'il vous faut apporter serviettes de bain, drap, housse de couette, taie oreiller, La studette est vfaiment trés petite pour se sentir à l'aise et les toilette sont sur le palier. Notez aussi qu' il n'y a pas de wifi","name":"Soph"},{"pos":[],"date":"février 2017","lang":"english","neg":[],"text":"The host canceled this reservation 10 days before arrival. This is an automated posting.","name":"Solène"},{"pos":[],"date":"mai 2017","lang":"english","neg":[],"text":"If you are looking for a quick place to sleep for the night then this place will work but otherwise I do not recommend it. It is an extremely small apartment that feels like a closet. It's basically like staying in a small college dorm room. There was a bad smell coming from the shower area that's inside and small black bugs on the floor. The toilet is down the hallway and was dirty as well. The check-in process was complicated and was tricky to manage in the middle of the night with no wifi. There are far nicer places in town with basic amenities and wifi that are cheaper than here and I would recommend staying there instead.\n+ Plus","name":"Ashley"}],"p_emplacement":5,"id":70,"p_qualite-prix":4.5,"p_communication":5}