{"productTitle":"rate_me","p_precision":4.5,"nbReviews":21,"p_proprete":4.5,"resume":"","p_arrivee":5,"p_averageRanking":4.75,"p_productTitle":"rate_me","reviews":[{"pos":[],"date":"avril 2017","lang":"french","neg":"","text":"A déconseiller pour les personnes souhaitant un minimum de propreté...","name":"Stephane"},{"pos":[],"date":"février 2017","lang":"french","neg":"savon sale,probleme","text":"L'arrivé c'est très bien passé. Philippe m'a attendue me si j'avais 10 minute de retard. Niveau logement tout allez ( juste le manque de petit plus comme café savon dans la sale de bain pour ce lavé les main etc ) Le problème à était le départ: -Non respect de mon heure de depart pourtant accepté la veille,. 10 minutes pour quitté le logement sans même pouvoir négocier vue ce n'est pas l’hôte qui est venue cherché les clef nous avons donc pas pu rendre le logement comme il ce se doit. L’hôte me réclame un surplus. Tout cela aurais pue s’évite si l'heure demande de départ aurais était respecté\n+ Plus","name":"David"},{"pos":[],"date":"octobre 2016","lang":"french","neg":"","text":"Terrasse sympa, appartement très fonctionnel à 2 pas de la mer, je recommande","name":"Fatiha"},{"pos":[],"date":"septembre 2016","lang":"french","neg":"logement odeur","text":"Déçu par le logement. .. odeur pas agréable à notre arrivée","name":"Fati"},{"pos":[],"date":"septembre 2016","lang":"french","neg":"","text":"Très bon séjour, l'appartement est très bien situé . On s'y sent vraiment bien.","name":"Alvin"},{"pos":[],"date":"septembre 2016","lang":"french","neg":"","text":"Comme d habitude super endroit c est un avre de paix surtout quand on y est pour le travail encore metci a willy qui. Est adorable , serviable et joignable a tout moment je reviens le mois prochain. Philippe espere vous rencontrer pour vous remercier de vive voix","name":"Sakina"},{"pos":[],"date":"septembre 2016","lang":"french","neg":"probleme","text":"Le quartier a l'air calme. Mais l'appartement a besoin d'un rafraîchissement. La façade fait négligée, et à l'intérieur, un peu vieillot. Trop impersonnel, basique et l'espace n'est pas bien optimisé à mon goût. Les douches étaient bouchées à notre arrivée. La terasse est sympa mais pas assez de transat (on était 4) L'hôte reste joignable et disponible pour aider, l'entrée des lieux a été fait sans probleme.","name":"Victoria"},{"pos":[],"date":"septembre 2016","lang":"french","neg":"","text":"L'appartement de Philippe est agréable. Son voisin m'a accueilli et s'est laissé à disposition pour d'éventuelles questions. L'appartement est à proximité d'un magasin et de la plage. Je le recommande.","name":"Sabrina"},{"pos":[],"date":"août 2016","lang":"french","neg":"","text":"Rien à regretter de ce séjour: appartement conforme à la description terrasse spacieuse, lit confortable, nombreux rangements, cuisine fonctionnelle (nombreux ustensiles, sel huile sucre à disposition. ..) Willy l'hôte est très sympa et serviable c'est vraiment le plus de ce séjour il est à l'écoute est toujours là quand il faut. Nous n'hésiterons pas à revenir de plus le localisation de l'appartement est idéale : à proximité de la mer et des commerces. Encore un grand merci à Willy c'était super.","name":"Julia"},{"pos":[],"date":"août 2016","lang":"french","neg":"","text":"Appartement bien situé proche commerce et plage le petit plus: la terrasse bien exposée","name":"Laurence"},{"pos":[],"date":"juillet 2016","lang":"french","neg":"","text":"Perso je n ai pas vu Philippe car c est mes parents qui ont récupéré les clés avec Willy le voisin Petit parking privatif donc parfait à ce niveau là le petit plus la terrasse bien appréciable pour prendre le petit dej Pu voir avec Philippe pour quelques modifications qui nous ont été apportées dès le soir même donc ça aussi merci bcp","name":"Sandrine"},{"pos":[],"date":"juillet 2016","lang":"french","neg":"bruit","text":"L ami de phillipe est tres serviable il m a accuillie tres chaleureusement , l appart est tres cosy , la terrasse est un avre de paix , le lit ttes confortable et il n y a aucun bruit. Je compte y retourner regulierement suivant mes deplacement .... Merci","name":"Sakina"},{"pos":[],"date":"juillet 2016","lang":"french","neg":"","text":"Satisfaisant pour le week end ! Bon accueil","name":"Gerard"},{"pos":[],"date":"juin 2016","lang":"french","neg":"","text":"l’hôte fut sympa très chaleureux , voisin de palier très sympa et prés a rendre service. proximité de la mer très bien, accès facile au lieux. pour le respect des lieux décrit, très dessus vu le prix exiger (voir impérativement le prix a la baisse de moitié). avant de le relouer, il faudrait finir les travaux et le rendre les lieux plus accueillant (proprement visuellement)","name":"Sabine"},{"pos":[],"date":"juin 2016","lang":"french","neg":"","text":"L'appartement de Philippe était propre, et la petite terrasse est très agréable. Comme il n'était pas là lors de notre arrivée, l'un de ses amis nous a accueillies et a été tout à fait disponible et serviable. Le centre n'est qu'à environ 5mn de voiture. Très bonne expérience!","name":"Cecile"},{"pos":[],"date":"août 2016","lang":"french","neg":"","text":"Nous avons été accueilli par le voisin willy. Très sympathique. Il nous à juste manqué les serviettes mais à part ça très conforme aux photos. Juste le nettoyage étais un peu bâclé. Mais bon les locataires venaient de partir avant notre arrivé.","name":"Tiziana"},{"pos":[],"date":"août 2016","lang":"french","neg":"","text":"Premier pas sur airbnb, c'était une chouette expérience. Appart parfait pour une simple nuit, super bien accueillie par Willi le voisin ! Si je reviens à Dunkerque, je n'hésite pas à recontacter Philippe.","name":"Lili"},{"pos":[],"date":"août 2016","lang":"french","neg":"","text":"Parking privé très agréable mais l'appartement n'était pas très propre à notre arrivée et salle de bain pas très pratique","name":"Vasariah"},{"pos":[],"date":"août 2016","lang":"french","neg":"","text":"Logements correspond bien à la description. Près de la plage. Un voisin très gentil.","name":"Thanh Tung"},{"pos":[],"date":"juillet 2016","lang":"french","neg":"","text":"Appartement correct mais rudimentaire. En cours de rénovation. Proche de la mer (10min à pied). Bon rapport qualité-prix. Disponibilité de Willy le voisin.","name":"Laura"},{"pos":[],"date":"octobre 2016","lang":"english","neg":[],"text":"Nice simple house. Dilapidated from the outside but no problem inside. Very pretty neighbourhood. Walking distance to the beach and bus stop. Little small for 4 people. Amenities like toilet paper were missing. Wifi was poor. Willy was nice and helpful. Overall a nice simple stay.","name":"Shashwat"}],"p_emplacement":5,"id":79,"p_qualite-prix":4.5,"p_communication":5}